../lower_bound/data_hard/05-05-0.00-10.dat;89535.75235561936;user 0m4.056s;
../lower_bound/data_hard/05-05-0.00-1.dat;90865.09528218399;user 0m4.088s;
../lower_bound/data_hard/05-05-0.00-2.dat;88091.52269252697;user 0m3.912s;
../lower_bound/data_hard/05-05-0.00-3.dat;82578.94771595638;user 0m4.040s;
../lower_bound/data_hard/05-05-0.00-4.dat;88102.70037724511;user 0m4.120s;
../lower_bound/data_hard/05-05-0.00-5.dat;94052.19055571184;user 0m4.064s;
../lower_bound/data_hard/05-05-0.00-6.dat;89718.35168566271;user 0m4.160s;
../lower_bound/data_hard/05-05-0.00-7.dat;83731.04226937285;user 0m4.164s;
../lower_bound/data_hard/05-05-0.00-8.dat;83695.07843867785;user 0m4.308s;
../lower_bound/data_hard/05-05-0.00-9.dat;94644.46240301753;user 0m4.124s;
../lower_bound/data_hard/05-06-0.00-10.dat;94287.91707281828;user 0m4.652s;
../lower_bound/data_hard/05-06-0.00-1.dat;91406.71711121542;user 0m4.476s;
../lower_bound/data_hard/05-06-0.00-2.dat;89947.95067170968;user 0m4.624s;
../lower_bound/data_hard/05-06-0.00-3.dat;90309.30249350576;user 0m4.456s;
../lower_bound/data_hard/05-06-0.00-4.dat;93887.17633019811;user 0m3.612s;
../lower_bound/data_hard/05-06-0.00-5.dat;88474.01859563823;user 0m3.532s;
../lower_bound/data_hard/05-06-0.00-6.dat;94715.67253230783;user 0m4.088s;
../lower_bound/data_hard/05-06-0.00-7.dat;96195.76898307055;user 0m4.648s;
../lower_bound/data_hard/05-06-0.00-8.dat;88410.03760241774;user 0m4.528s;
../lower_bound/data_hard/05-06-0.00-9.dat;86930.62613482613;user 0m4.512s;
../lower_bound/data_hard/05-07-0.00-10.dat;89755.76813003335;user 0m4.568s;
../lower_bound/data_hard/05-07-0.00-1.dat;91440.76506342842;user 0m4.620s;
../lower_bound/data_hard/05-07-0.00-2.dat;87044.76416729832;user 0m4.740s;
../lower_bound/data_hard/05-07-0.00-3.dat;97627.57478663529;user 0m4.536s;
../lower_bound/data_hard/05-07-0.00-4.dat;94753.52928909956;user 0m4.920s;
../lower_bound/data_hard/05-07-0.00-5.dat;91095.76370804544;user 0m4.784s;
../lower_bound/data_hard/05-07-0.00-6.dat;87060.60657569843;user 0m4.704s;
../lower_bound/data_hard/05-07-0.00-7.dat;92884.44892440754;user 0m4.864s;
../lower_bound/data_hard/05-07-0.00-8.dat;89986.1375686784;user 0m4.808s;
../lower_bound/data_hard/05-07-0.00-9.dat;92886.81929059354;user 0m4.880s;
../lower_bound/data_hard/05-08-0.00-10.dat;84552.1077246764;user 0m4.932s;
../lower_bound/data_hard/05-08-0.00-1.dat;87550.5278415153;user 0m4.956s;
../lower_bound/data_hard/05-08-0.00-2.dat;92695.1934155597;user 0m5.072s;
../lower_bound/data_hard/05-08-0.00-3.dat;91884.75060760099;user 0m4.704s;
../lower_bound/data_hard/05-08-0.00-4.dat;94626.77921982201;user 0m4.680s;
../lower_bound/data_hard/05-08-0.00-5.dat;92755.29288415905;user 0m4.528s;
../lower_bound/data_hard/05-08-0.00-6.dat;85361.58815212474;user 0m4.744s;
../lower_bound/data_hard/05-08-0.00-7.dat;92629.07948201189;user 0m4.696s;
../lower_bound/data_hard/05-08-0.00-8.dat;101064.73992035574;user 0m5.144s;
../lower_bound/data_hard/05-08-0.00-9.dat;83438.3137112212;user 0m4.576s;
../lower_bound/data_hard/05-09-0.00-10.dat;88883.5267387046;user 0m5.216s;
../lower_bound/data_hard/05-09-0.00-1.dat;89804.74412917715;user 0m5.260s;
../lower_bound/data_hard/05-09-0.00-2.dat;90728.61273810118;user 0m4.748s;
../lower_bound/data_hard/05-09-0.00-3.dat;92935.81378802615;user 0m5.368s;
../lower_bound/data_hard/05-09-0.00-4.dat;101509.4433233506;user 0m4.832s;
../lower_bound/data_hard/05-09-0.00-5.dat;87204.48741816734;user 0m5.148s;
../lower_bound/data_hard/05-09-0.00-6.dat;88579.87823243088;user 0m5.196s;
../lower_bound/data_hard/05-09-0.00-7.dat;88955.59836795088;user 0m5.248s;
../lower_bound/data_hard/05-09-0.00-8.dat;95235.51414003852;user 0m4.892s;
../lower_bound/data_hard/05-09-0.00-9.dat;85402.45417204947;user 0m4.780s;
../lower_bound/data_hard/05-10-0.00-10.dat;93283.5989982668;user 0m5.216s;
../lower_bound/data_hard/05-10-0.00-1.dat;86892.29930410972;user 0m4.988s;
../lower_bound/data_hard/05-10-0.00-2.dat;91862.72683708694;user 0m5.064s;
../lower_bound/data_hard/05-10-0.00-3.dat;90862.28567643325;user 0m5.472s;
../lower_bound/data_hard/05-10-0.00-4.dat;85584.09029435672;user 0m5.168s;
../lower_bound/data_hard/05-10-0.00-5.dat;91829.66160752856;user 0m5.088s;
../lower_bound/data_hard/05-10-0.00-6.dat;93090.39291960235;user 0m4.972s;
../lower_bound/data_hard/05-10-0.00-7.dat;98302.12985041337;user 0m5.004s;
../lower_bound/data_hard/05-10-0.00-8.dat;91762.67805407089;user 0m5.132s;
../lower_bound/data_hard/05-10-0.00-9.dat;88117.00057793343;user 0m5.544s;
../lower_bound/data_hard/05-11-0.00-10.dat;86589.15280057337;user 0m5.160s;
../lower_bound/data_hard/05-11-0.00-1.dat;91329.12956244696;user 0m5.664s;
../lower_bound/data_hard/05-11-0.00-2.dat;91467.78654571924;user 0m5.116s;
../lower_bound/data_hard/05-11-0.00-3.dat;97909.31579623606;user 0m5.172s;
../lower_bound/data_hard/05-11-0.00-4.dat;92220.00036401085;user 0m5.300s;
../lower_bound/data_hard/05-11-0.00-5.dat;101241.2414269433;user 0m5.232s;
../lower_bound/data_hard/05-11-0.00-6.dat;95862.4659959865;user 0m5.760s;
../lower_bound/data_hard/05-11-0.00-7.dat;94995.82113636174;user 0m5.496s;
../lower_bound/data_hard/05-11-0.00-8.dat;89387.64392333568;user 0m5.588s;
../lower_bound/data_hard/05-11-0.00-9.dat;87597.66152027174;user 0m4.544s;
../lower_bound/data_hard/05-12-0.00-10.dat;96370.54198549835;user 0m4.972s;
../lower_bound/data_hard/05-12-0.00-1.dat;89174.98020264151;user 0m5.600s;
../lower_bound/data_hard/05-12-0.00-2.dat;90023.53453498;user 0m5.700s;
../lower_bound/data_hard/05-12-0.00-3.dat;87807.65685883329;user 0m5.432s;
../lower_bound/data_hard/05-12-0.00-4.dat;91423.87301822913;user 0m5.912s;
../lower_bound/data_hard/05-12-0.00-5.dat;93883.69323447425;user 0m5.768s;
../lower_bound/data_hard/05-12-0.00-6.dat;87458.86533582024;user 0m5.624s;
../lower_bound/data_hard/05-12-0.00-7.dat;92022.31166766447;user 0m5.656s;
../lower_bound/data_hard/05-12-0.00-8.dat;88976.56708668318;user 0m5.368s;
../lower_bound/data_hard/05-12-0.00-9.dat;93416.76995743458;user 0m5.504s;
../lower_bound/data_hard/05-13-0.00-10.dat;86002.26248473379;user 0m5.640s;
../lower_bound/data_hard/05-13-0.00-1.dat;91091.34564765314;user 0m5.708s;
../lower_bound/data_hard/05-13-0.00-2.dat;93894.38364750452;user 0m5.908s;
../lower_bound/data_hard/05-13-0.00-3.dat;95485.94206388172;user 0m6.112s;
../lower_bound/data_hard/05-13-0.00-4.dat;96386.99413781638;user 0m5.788s;
../lower_bound/data_hard/05-13-0.00-5.dat;95727.70501028899;user 0m5.792s;
../lower_bound/data_hard/05-13-0.00-6.dat;89578.90321892405;user 0m5.712s;
../lower_bound/data_hard/05-13-0.00-7.dat;96159.46195825798;user 0m5.632s;
../lower_bound/data_hard/05-13-0.00-8.dat;93667.72102889519;user 0m5.832s;
../lower_bound/data_hard/05-13-0.00-9.dat;94999.65534634737;user 0m6.100s;
../lower_bound/data_hard/05-14-0.00-10.dat;89845.12566877986;user 0m5.952s;
../lower_bound/data_hard/05-14-0.00-1.dat;94149.59141630217;user 0m6.316s;
../lower_bound/data_hard/05-14-0.00-2.dat;90710.892112647;user 0m6.068s;
../lower_bound/data_hard/05-14-0.00-3.dat;96811.4716697193;user 0m5.976s;
../lower_bound/data_hard/05-14-0.00-4.dat;97888.52494480442;user 0m6.184s;
../lower_bound/data_hard/05-14-0.00-5.dat;95139.14513778668;user 0m5.948s;
../lower_bound/data_hard/05-14-0.00-6.dat;87389.33995219844;user 0m5.992s;
../lower_bound/data_hard/05-14-0.00-7.dat;99213.52736994986;user 0m6.216s;
../lower_bound/data_hard/05-14-0.00-8.dat;88329.39255021047;user 0m5.860s;
../lower_bound/data_hard/05-14-0.00-9.dat;92523.62968006381;user 0m6.212s;
../lower_bound/data_hard/05-15-0.00-10.dat;88717.25237068199;user 0m6.132s;
../lower_bound/data_hard/05-15-0.00-1.dat;94566.6357603834;user 0m6.060s;
../lower_bound/data_hard/05-15-0.00-2.dat;100307.76363157043;user 0m6.124s;
../lower_bound/data_hard/05-15-0.00-3.dat;96478.09793270826;user 0m6.292s;
../lower_bound/data_hard/05-15-0.00-4.dat;95816.14066173752;user 0m6.104s;
../lower_bound/data_hard/05-15-0.00-5.dat;93631.77222590406;user 0m6.468s;
../lower_bound/data_hard/05-15-0.00-6.dat;95172.15888352455;user 0m6.356s;
../lower_bound/data_hard/05-15-0.00-7.dat;99635.14081117707;user 0m6.168s;
../lower_bound/data_hard/05-15-0.00-8.dat;98359.72411720172;user 0m6.344s;
../lower_bound/data_hard/05-15-0.00-9.dat;94975.17027695026;user 0m6.116s;
../lower_bound/data_hard/06-05-0.00-10.dat;86809.52186315575;user 0m4.784s;
../lower_bound/data_hard/06-05-0.00-1.dat;89565.01646992125;user 0m4.712s;
../lower_bound/data_hard/06-05-0.00-2.dat;94674.92096399081;user 0m5.076s;
../lower_bound/data_hard/06-05-0.00-3.dat;100570.38086398768;user 0m4.928s;
../lower_bound/data_hard/06-05-0.00-4.dat;93985.46258089358;user 0m4.824s;
../lower_bound/data_hard/06-05-0.00-5.dat;92424.24982023789;user 0m5.088s;
../lower_bound/data_hard/06-05-0.00-6.dat;91553.8534677347;user 0m3.892s;
../lower_bound/data_hard/06-05-0.00-7.dat;93690.23543361382;user 0m5.204s;
../lower_bound/data_hard/06-05-0.00-8.dat;97038.21257311688;user 0m5.256s;
../lower_bound/data_hard/06-05-0.00-9.dat;93041.15758561126;user 0m5.116s;
../lower_bound/data_hard/06-06-0.00-10.dat;99224.62374096096;user 0m4.312s;
../lower_bound/data_hard/06-06-0.00-1.dat;94866.21700379884;user 0m4.712s;
../lower_bound/data_hard/06-06-0.00-2.dat;103728.73579393722;user 0m5.472s;
../lower_bound/data_hard/06-06-0.00-3.dat;104138.60415371587;user 0m4.720s;
../lower_bound/data_hard/06-06-0.00-4.dat;96410.23179106956;user 0m4.860s;
../lower_bound/data_hard/06-06-0.00-5.dat;89498.80571312833;user 0m4.240s;
../lower_bound/data_hard/06-06-0.00-6.dat;97601.53908327858;user 0m5.012s;
../lower_bound/data_hard/06-06-0.00-7.dat;102121.5276027813;user 0m5.532s;
../lower_bound/data_hard/06-06-0.00-8.dat;99115.60884788193;user 0m5.464s;
../lower_bound/data_hard/06-06-0.00-9.dat;87335.68777486621;user 0m5.384s;
../lower_bound/data_hard/06-07-0.00-10.dat;106575.89550504659;user 0m5.460s;
../lower_bound/data_hard/06-07-0.00-1.dat;95232.98165642329;user 0m5.228s;
../lower_bound/data_hard/06-07-0.00-2.dat;96875.11559228135;user 0m5.228s;
../lower_bound/data_hard/06-07-0.00-3.dat;94212.07081215632;user 0m5.536s;
../lower_bound/data_hard/06-07-0.00-4.dat;93900.80820283969;user 0m5.644s;
../lower_bound/data_hard/06-07-0.00-5.dat;105635.13517444572;user 0m5.520s;
../lower_bound/data_hard/06-07-0.00-6.dat;100657.38123802083;user 0m5.572s;
../lower_bound/data_hard/06-07-0.00-7.dat;93990.20649672885;user 0m5.260s;
../lower_bound/data_hard/06-07-0.00-8.dat;102840.79807773032;user 0m5.260s;
../lower_bound/data_hard/06-07-0.00-9.dat;87584.36722424372;user 0m5.548s;
../lower_bound/data_hard/06-08-0.00-10.dat;97650.58209399742;user 0m5.768s;
../lower_bound/data_hard/06-08-0.00-1.dat;94420.47213366302;user 0m5.468s;
../lower_bound/data_hard/06-08-0.00-2.dat;99318.33490221831;user 0m5.552s;
../lower_bound/data_hard/06-08-0.00-3.dat;99130.06033423007;user 0m5.308s;
../lower_bound/data_hard/06-08-0.00-4.dat;98002.0308124064;user 0m5.612s;
../lower_bound/data_hard/06-08-0.00-5.dat;97447.75631975522;user 0m5.596s;
../lower_bound/data_hard/06-08-0.00-6.dat;101898.57855230496;user 0m5.588s;
../lower_bound/data_hard/06-08-0.00-7.dat;95848.30421499733;user 0m5.632s;
../lower_bound/data_hard/06-08-0.00-8.dat;103673.51382059738;user 0m5.540s;
../lower_bound/data_hard/06-08-0.00-9.dat;104607.12262079348;user 0m5.512s;
../lower_bound/data_hard/06-09-0.00-10.dat;102563.05681121373;user 0m5.788s;
../lower_bound/data_hard/06-09-0.00-1.dat;99017.32532623321;user 0m6.220s;
../lower_bound/data_hard/06-09-0.00-2.dat;106405.03365800195;user 0m6.288s;
../lower_bound/data_hard/06-09-0.00-3.dat;101718.23675793488;user 0m5.964s;
../lower_bound/data_hard/06-09-0.00-4.dat;102612.24198528772;user 0m5.908s;
../lower_bound/data_hard/06-09-0.00-5.dat;97506.86563188718;user 0m5.796s;
../lower_bound/data_hard/06-09-0.00-6.dat;101136.70194380503;user 0m5.804s;
../lower_bound/data_hard/06-09-0.00-7.dat;99832.92183060995;user 0m5.776s;
../lower_bound/data_hard/06-09-0.00-8.dat;96456.30957842049;user 0m6.100s;
../lower_bound/data_hard/06-09-0.00-9.dat;98896.57772089486;user 0m5.848s;
../lower_bound/data_hard/06-10-0.00-10.dat;100923.04584952089;user 0m6.164s;
../lower_bound/data_hard/06-10-0.00-1.dat;104379.75593348737;user 0m6.124s;
../lower_bound/data_hard/06-10-0.00-2.dat;92689.19493939709;user 0m6.184s;
../lower_bound/data_hard/06-10-0.00-3.dat;103610.50895330509;user 0m6.152s;
../lower_bound/data_hard/06-10-0.00-4.dat;106371.81607778212;user 0m5.208s;
../lower_bound/data_hard/06-10-0.00-5.dat;98765.52287531078;user 0m6.196s;
../lower_bound/data_hard/06-10-0.00-6.dat;104956.40773641877;user 0m6.132s;
../lower_bound/data_hard/06-10-0.00-7.dat;101830.5937013554;user 0m6.468s;
../lower_bound/data_hard/06-10-0.00-8.dat;100795.32407343212;user 0m6.184s;
../lower_bound/data_hard/06-10-0.00-9.dat;93126.83991030887;user 0m6.316s;
../lower_bound/data_hard/06-11-0.00-10.dat;98479.2183144788;user 0m6.404s;
../lower_bound/data_hard/06-11-0.00-1.dat;98553.09472689753;user 0m6.396s;
../lower_bound/data_hard/06-11-0.00-2.dat;97484.14365340356;user 0m6.372s;
../lower_bound/data_hard/06-11-0.00-3.dat;106763.23888814727;user 0m5.360s;
../lower_bound/data_hard/06-11-0.00-4.dat;97232.46020555845;user 0m5.496s;
../lower_bound/data_hard/06-11-0.00-5.dat;101514.08876294714;user 0m6.260s;
../lower_bound/data_hard/06-11-0.00-6.dat;105493.37398178157;user 0m6.316s;
../lower_bound/data_hard/06-11-0.00-7.dat;104049.29523009874;user 0m5.532s;
../lower_bound/data_hard/06-11-0.00-8.dat;95765.26041615472;user 0m6.476s;
../lower_bound/data_hard/06-11-0.00-9.dat;96608.69232879189;user 0m6.396s;
../lower_bound/data_hard/06-12-0.00-10.dat;99873.58005644086;user 0m6.576s;
../lower_bound/data_hard/06-12-0.00-1.dat;97756.25452615545;user 0m6.712s;
../lower_bound/data_hard/06-12-0.00-2.dat;95172.93500547351;user 0m6.648s;
../lower_bound/data_hard/06-12-0.00-3.dat;94576.69918175474;user 0m6.852s;
../lower_bound/data_hard/06-12-0.00-4.dat;103059.30765726078;user 0m6.880s;
../lower_bound/data_hard/06-12-0.00-5.dat;102032.82967061311;user 0m6.736s;
../lower_bound/data_hard/06-12-0.00-6.dat;91559.09095843181;user 0m6.572s;
../lower_bound/data_hard/06-12-0.00-7.dat;96137.33036090861;user 0m6.540s;
../lower_bound/data_hard/06-12-0.00-8.dat;98233.85706260164;user 0m7.100s;
../lower_bound/data_hard/06-12-0.00-9.dat;101932.797175362;user 0m6.880s;
../lower_bound/data_hard/06-13-0.00-10.dat;101749.71170167702;user 0m6.960s;
../lower_bound/data_hard/06-13-0.00-1.dat;99333.1288639784;user 0m6.964s;
../lower_bound/data_hard/06-13-0.00-2.dat;110036.79602805413;user 0m6.968s;
../lower_bound/data_hard/06-13-0.00-3.dat;92203.57780032206;user 0m7.308s;
../lower_bound/data_hard/06-13-0.00-4.dat;103253.05210461137;user 0m6.864s;
../lower_bound/data_hard/06-13-0.00-5.dat;100820.56221541994;user 0m7.452s;
../lower_bound/data_hard/06-13-0.00-6.dat;90501.47200159826;user 0m6.976s;
../lower_bound/data_hard/06-13-0.00-7.dat;97001.83836877717;user 0m6.808s;
../lower_bound/data_hard/06-13-0.00-8.dat;102649.1708653769;user 0m6.880s;
../lower_bound/data_hard/06-13-0.00-9.dat;103433.76818175698;user 0m6.868s;
../lower_bound/data_hard/06-14-0.00-10.dat;105512.43560688509;user 0m7.244s;
../lower_bound/data_hard/06-14-0.00-1.dat;101139.22438331676;user 0m7.252s;
../lower_bound/data_hard/06-14-0.00-2.dat;95848.92960563651;user 0m7.360s;
../lower_bound/data_hard/06-14-0.00-3.dat;102388.0535350873;user 0m7.400s;
../lower_bound/data_hard/06-14-0.00-4.dat;97271.03410314675;user 0m7.208s;
../lower_bound/data_hard/06-14-0.00-5.dat;100114.94207142333;user 0m7.100s;
../lower_bound/data_hard/06-14-0.00-6.dat;98291.3001018236;user 0m7.048s;
../lower_bound/data_hard/06-14-0.00-7.dat;103205.73072174353;user 0m7.132s;
../lower_bound/data_hard/06-14-0.00-8.dat;98843.43220313077;user 0m7.280s;
../lower_bound/data_hard/06-14-0.00-9.dat;101164.51568908748;user 0m6.156s;
../lower_bound/data_hard/06-15-0.00-10.dat;103601.02797760331;user 0m7.724s;
../lower_bound/data_hard/06-15-0.00-1.dat;100174.41694998264;user 0m7.588s;
../lower_bound/data_hard/06-15-0.00-2.dat;101256.16575095808;user 0m7.316s;
../lower_bound/data_hard/06-15-0.00-3.dat;103087.09064157527;user 0m7.604s;
../lower_bound/data_hard/06-15-0.00-4.dat;98556.22598803486;user 0m7.544s;
../lower_bound/data_hard/06-15-0.00-5.dat;96124.23850902397;user 0m7.748s;
../lower_bound/data_hard/06-15-0.00-6.dat;96285.52982674575;user 0m6.636s;
../lower_bound/data_hard/06-15-0.00-7.dat;101311.65762899152;user 0m7.584s;
../lower_bound/data_hard/06-15-0.00-8.dat;99000.68844438653;user 0m6.680s;
../lower_bound/data_hard/06-15-0.00-9.dat;97290.54021020747;user 0m7.800s;
../lower_bound/data_hard/07-05-0.00-10.dat;104173.70381225538;user 0m4.624s;
../lower_bound/data_hard/07-05-0.00-1.dat;109058.936779846;user 0m5.532s;
../lower_bound/data_hard/07-05-0.00-2.dat;91676.01764236727;user 0m5.596s;
../lower_bound/data_hard/07-05-0.00-3.dat;100377.75554978373;user 0m5.784s;
../lower_bound/data_hard/07-05-0.00-4.dat;98242.56105617923;user 0m5.536s;
../lower_bound/data_hard/07-05-0.00-5.dat;109078.82267583832;user 0m5.708s;
../lower_bound/data_hard/07-05-0.00-6.dat;106608.15104768531;user 0m5.728s;
../lower_bound/data_hard/07-05-0.00-7.dat;98162.28628856741;user 0m5.580s;
../lower_bound/data_hard/07-05-0.00-8.dat;101540.35949882641;user 0m5.300s;
../lower_bound/data_hard/07-05-0.00-9.dat;101474.8841994661;user 0m5.900s;
../lower_bound/data_hard/07-06-0.00-10.dat;100514.1282188606;user 0m5.912s;
../lower_bound/data_hard/07-06-0.00-1.dat;98399.57258880224;user 0m6.132s;
../lower_bound/data_hard/07-06-0.00-2.dat;105360.81648387181;user 0m6.332s;
../lower_bound/data_hard/07-06-0.00-3.dat;97291.83405805082;user 0m5.696s;
../lower_bound/data_hard/07-06-0.00-4.dat;100954.0320396674;user 0m5.812s;
../lower_bound/data_hard/07-06-0.00-5.dat;106308.62777217898;user 0m6.100s;
../lower_bound/data_hard/07-06-0.00-6.dat;103365.00277154414;user 0m5.764s;
../lower_bound/data_hard/07-06-0.00-7.dat;98534.32424051671;user 0m5.956s;
../lower_bound/data_hard/07-06-0.00-8.dat;102336.4895210316;user 0m5.760s;
../lower_bound/data_hard/07-06-0.00-9.dat;96016.33716026103;user 0m5.848s;
../lower_bound/data_hard/07-07-0.00-10.dat;101909.6148137535;user 0m6.536s;
../lower_bound/data_hard/07-07-0.00-1.dat;91470.72792377617;user 0m6.332s;
../lower_bound/data_hard/07-07-0.00-2.dat;91415.19796426313;user 0m6.320s;
../lower_bound/data_hard/07-07-0.00-3.dat;91530.39166351041;user 0m6.208s;
../lower_bound/data_hard/07-07-0.00-4.dat;101681.82799387469;user 0m6.324s;
../lower_bound/data_hard/07-07-0.00-5.dat;102847.44582871745;user 0m6.268s;
../lower_bound/data_hard/07-07-0.00-6.dat;107521.72317971595;user 0m6.396s;
../lower_bound/data_hard/07-07-0.00-7.dat;104472.23997650959;user 0m6.044s;
../lower_bound/data_hard/07-07-0.00-8.dat;98374.7810714413;user 0m6.108s;
../lower_bound/data_hard/07-07-0.00-9.dat;102253.52079899107;user 0m6.168s;
../lower_bound/data_hard/07-08-0.00-10.dat;101752.59410040127;user 0m7.016s;
../lower_bound/data_hard/07-08-0.00-1.dat;103788.3910992224;user 0m6.528s;
../lower_bound/data_hard/07-08-0.00-2.dat;103308.35863801371;user 0m6.368s;
../lower_bound/data_hard/07-08-0.00-3.dat;97326.04687476902;user 0m6.604s;
../lower_bound/data_hard/07-08-0.00-4.dat;98809.57511223963;user 0m6.444s;
../lower_bound/data_hard/07-08-0.00-5.dat;93999.74490436315;user 0m6.736s;
../lower_bound/data_hard/07-08-0.00-6.dat;98057.62249004316;user 0m6.500s;
../lower_bound/data_hard/07-08-0.00-7.dat;98380.51057762995;user 0m6.320s;
../lower_bound/data_hard/07-08-0.00-8.dat;103536.36254815786;user 0m6.800s;
../lower_bound/data_hard/07-08-0.00-9.dat;99530.6417265875;user 0m6.380s;
../lower_bound/data_hard/07-09-0.00-10.dat;104855.21732509267;user 0m5.972s;
../lower_bound/data_hard/07-09-0.00-1.dat;96738.59776995899;user 0m7.048s;
../lower_bound/data_hard/07-09-0.00-2.dat;100279.50411031973;user 0m6.724s;
../lower_bound/data_hard/07-09-0.00-3.dat;102641.03236819348;user 0m5.912s;
../lower_bound/data_hard/07-09-0.00-4.dat;108710.42106938419;user 0m6.588s;
../lower_bound/data_hard/07-09-0.00-5.dat;101942.4843777118;user 0m6.716s;
../lower_bound/data_hard/07-09-0.00-6.dat;94759.60153854752;user 0m6.812s;
../lower_bound/data_hard/07-09-0.00-7.dat;107182.6124366075;user 0m6.828s;
../lower_bound/data_hard/07-09-0.00-8.dat;102401.07862078484;user 0m6.916s;
../lower_bound/data_hard/07-09-0.00-9.dat;103909.37212247857;user 0m6.996s;
../lower_bound/data_hard/07-10-0.00-10.dat;104999.65920776039;user 0m7.184s;
../lower_bound/data_hard/07-10-0.00-1.dat;100279.57489970348;user 0m7.072s;
../lower_bound/data_hard/07-10-0.00-2.dat;100322.85758825747;user 0m6.192s;
../lower_bound/data_hard/07-10-0.00-3.dat;103593.67837800087;user 0m7.288s;
../lower_bound/data_hard/07-10-0.00-4.dat;106558.51469495914;user 0m6.200s;
../lower_bound/data_hard/07-10-0.00-5.dat;100784.79618624067;user 0m7.188s;
../lower_bound/data_hard/07-10-0.00-6.dat;107538.42545115564;user 0m7.284s;
../lower_bound/data_hard/07-10-0.00-7.dat;109585.36579412136;user 0m7.340s;
../lower_bound/data_hard/07-10-0.00-8.dat;110557.16333285581;user 0m7.232s;
../lower_bound/data_hard/07-10-0.00-9.dat;98503.62305736609;user 0m7.216s;
../lower_bound/data_hard/07-11-0.00-10.dat;101438.04994424823;user 0m7.472s;
../lower_bound/data_hard/07-11-0.00-1.dat;100219.28254500542;user 0m7.480s;
../lower_bound/data_hard/07-11-0.00-2.dat;105724.36376834911;user 0m7.416s;
../lower_bound/data_hard/07-11-0.00-3.dat;102498.7827038851;user 0m7.512s;
../lower_bound/data_hard/07-11-0.00-4.dat;108258.77055867547;user 0m7.588s;
../lower_bound/data_hard/07-11-0.00-5.dat;108052.91584092504;user 0m7.840s;
../lower_bound/data_hard/07-11-0.00-6.dat;117574.00168698058;user 0m7.460s;
../lower_bound/data_hard/07-11-0.00-7.dat;99601.90061150015;user 0m7.912s;
../lower_bound/data_hard/07-11-0.00-8.dat;107068.76720719493;user 0m7.540s;
../lower_bound/data_hard/07-11-0.00-9.dat;111191.96933481666;user 0m7.364s;
../lower_bound/data_hard/07-12-0.00-10.dat;102482.01401850062;user 0m8.113s;
../lower_bound/data_hard/07-12-0.00-1.dat;107590.69639668123;user 0m8.025s;
../lower_bound/data_hard/07-12-0.00-2.dat;101301.84955490897;user 0m7.776s;
../lower_bound/data_hard/07-12-0.00-3.dat;100702.21070908963;user 0m8.253s;
../lower_bound/data_hard/07-12-0.00-4.dat;104851.6814962375;user 0m7.964s;
../lower_bound/data_hard/07-12-0.00-5.dat;106640.00422582915;user 0m7.924s;
../lower_bound/data_hard/07-12-0.00-6.dat;113405.73470661508;user 0m7.844s;
../lower_bound/data_hard/07-12-0.00-7.dat;105212.21202172092;user 0m8.121s;
../lower_bound/data_hard/07-12-0.00-8.dat;104216.7643150149;user 0m8.021s;
../lower_bound/data_hard/07-12-0.00-9.dat;105155.028566471;user 0m7.820s;
../lower_bound/data_hard/07-13-0.00-10.dat;111122.77970875765;user 0m8.221s;
../lower_bound/data_hard/07-13-0.00-1.dat;109588.75708463287;user 0m8.533s;
../lower_bound/data_hard/07-13-0.00-2.dat;115462.82996398718;user 0m8.441s;
../lower_bound/data_hard/07-13-0.00-3.dat;102772.11955007463;user 0m8.477s;
../lower_bound/data_hard/07-13-0.00-4.dat;105930.32954409803;user 0m8.093s;
../lower_bound/data_hard/07-13-0.00-5.dat;109099.46976577761;user 0m8.413s;
../lower_bound/data_hard/07-13-0.00-6.dat;101280.93672893044;user 0m8.409s;
../lower_bound/data_hard/07-13-0.00-7.dat;101145.30366481068;user 0m8.429s;
../lower_bound/data_hard/07-13-0.00-8.dat;97065.17231408443;user 0m8.281s;
../lower_bound/data_hard/07-13-0.00-9.dat;102011.78185093294;user 0m8.177s;
../lower_bound/data_hard/07-14-0.00-10.dat;101481.2044117195;user 0m9.005s;
../lower_bound/data_hard/07-14-0.00-1.dat;106813.07398961975;user 0m8.533s;
../lower_bound/data_hard/07-14-0.00-2.dat;102475.79045271475;user 0m8.429s;
../lower_bound/data_hard/07-14-0.00-3.dat;108757.68131364204;user 0m8.869s;
../lower_bound/data_hard/07-14-0.00-4.dat;100606.14062059362;user 0m8.765s;
../lower_bound/data_hard/07-14-0.00-5.dat;109372.07984496157;user 0m7.372s;
../lower_bound/data_hard/07-14-0.00-6.dat;106709.93222078616;user 0m8.785s;
../lower_bound/data_hard/07-14-0.00-7.dat;107651.24904138233;user 0m8.569s;
../lower_bound/data_hard/07-14-0.00-8.dat;112858.58167750818;user 0m7.424s;
../lower_bound/data_hard/07-14-0.00-9.dat;105595.01713921872;user 0m8.605s;
../lower_bound/data_hard/07-15-0.00-10.dat;101035.53768972926;user 0m8.965s;
../lower_bound/data_hard/07-15-0.00-1.dat;103587.92610394351;user 0m8.969s;
../lower_bound/data_hard/07-15-0.00-2.dat;101293.24821102274;user 0m8.853s;
../lower_bound/data_hard/07-15-0.00-3.dat;101840.21122697215;user 0m7.868s;
../lower_bound/data_hard/07-15-0.00-4.dat;106658.90588426363;user 0m7.936s;
../lower_bound/data_hard/07-15-0.00-5.dat;116096.14103063231;user 0m9.009s;
../lower_bound/data_hard/07-15-0.00-6.dat;101847.14781606107;user 0m9.177s;
../lower_bound/data_hard/07-15-0.00-7.dat;105179.89604535926;user 0m8.789s;
../lower_bound/data_hard/07-15-0.00-8.dat;106519.75102095107;user 0m8.997s;
../lower_bound/data_hard/07-15-0.00-9.dat;109453.6412200114;user 0m9.033s;
../lower_bound/data_hard/08-05-0.00-10.dat;97983.53163507816;user 0m5.860s;
../lower_bound/data_hard/08-05-0.00-1.dat;100302.06860332304;user 0m6.408s;
../lower_bound/data_hard/08-05-0.00-2.dat;108148.29627166427;user 0m6.460s;
../lower_bound/data_hard/08-05-0.00-3.dat;105132.27169490524;user 0m6.172s;
../lower_bound/data_hard/08-05-0.00-4.dat;99981.45965346282;user 0m5.984s;
../lower_bound/data_hard/08-05-0.00-5.dat;99169.96157809414;user 0m6.228s;
../lower_bound/data_hard/08-05-0.00-6.dat;108973.642912289;user 0m6.268s;
../lower_bound/data_hard/08-05-0.00-7.dat;105129.4113726816;user 0m6.168s;
../lower_bound/data_hard/08-05-0.00-8.dat;101143.61054885369;user 0m6.092s;
../lower_bound/data_hard/08-05-0.00-9.dat;100805.01836841459;user 0m6.392s;
../lower_bound/data_hard/08-06-0.00-10.dat;102743.68313707328;user 0m6.784s;
../lower_bound/data_hard/08-06-0.00-1.dat;99502.29381254705;user 0m6.528s;
../lower_bound/data_hard/08-06-0.00-2.dat;106081.81209352882;user 0m6.688s;
../lower_bound/data_hard/08-06-0.00-3.dat;105873.00013184783;user 0m6.776s;
../lower_bound/data_hard/08-06-0.00-4.dat;104383.37552173101;user 0m6.528s;
../lower_bound/data_hard/08-06-0.00-5.dat;100040.70888326995;user 0m6.592s;
../lower_bound/data_hard/08-06-0.00-6.dat;106634.78772179234;user 0m6.544s;
../lower_bound/data_hard/08-06-0.00-7.dat;97701.89028231085;user 0m6.760s;
../lower_bound/data_hard/08-06-0.00-8.dat;104823.92446891205;user 0m6.560s;
../lower_bound/data_hard/08-06-0.00-9.dat;100369.93401231075;user 0m6.740s;
../lower_bound/data_hard/08-07-0.00-10.dat;101357.69024791454;user 0m6.788s;
../lower_bound/data_hard/08-07-0.00-1.dat;103470.6028837555;user 0m6.968s;
../lower_bound/data_hard/08-07-0.00-2.dat;108535.15642014374;user 0m7.184s;
../lower_bound/data_hard/08-07-0.00-3.dat;105768.37294329742;user 0m6.732s;
../lower_bound/data_hard/08-07-0.00-4.dat;106473.04227428608;user 0m7.128s;
../lower_bound/data_hard/08-07-0.00-5.dat;96704.82253805827;user 0m6.840s;
../lower_bound/data_hard/08-07-0.00-6.dat;112955.94378259289;user 0m7.076s;
../lower_bound/data_hard/08-07-0.00-7.dat;104707.90118067602;user 0m6.944s;
../lower_bound/data_hard/08-07-0.00-8.dat;100515.46852595972;user 0m7.200s;
../lower_bound/data_hard/08-07-0.00-9.dat;115139.80705154891;user 0m6.924s;
../lower_bound/data_hard/08-08-0.00-10.dat;106953.41452251702;user 0m7.676s;
../lower_bound/data_hard/08-08-0.00-1.dat;108630.72742314596;user 0m7.372s;
../lower_bound/data_hard/08-08-0.00-2.dat;110138.17801762192;user 0m7.544s;
../lower_bound/data_hard/08-08-0.00-3.dat;105929.45126549155;user 0m7.368s;
../lower_bound/data_hard/08-08-0.00-4.dat;109666.99636875586;user 0m7.120s;
../lower_bound/data_hard/08-08-0.00-5.dat;108479.83533011025;user 0m6.044s;
../lower_bound/data_hard/08-08-0.00-6.dat;102444.66982622065;user 0m7.332s;
../lower_bound/data_hard/08-08-0.00-7.dat;103830.07617151055;user 0m7.712s;
../lower_bound/data_hard/08-08-0.00-8.dat;100000.5951051133;user 0m6.196s;
../lower_bound/data_hard/08-08-0.00-9.dat;105335.78611176823;user 0m7.584s;
../lower_bound/data_hard/08-09-0.00-10.dat;112700.4064422163;user 0m7.592s;
../lower_bound/data_hard/08-09-0.00-1.dat;110601.65754047882;user 0m7.668s;
../lower_bound/data_hard/08-09-0.00-2.dat;111044.7310527079;user 0m7.948s;
../lower_bound/data_hard/08-09-0.00-3.dat;107082.30738244511;user 0m7.744s;
../lower_bound/data_hard/08-09-0.00-4.dat;105003.55424088417;user 0m7.828s;
../lower_bound/data_hard/08-09-0.00-5.dat;107439.50189970403;user 0m7.812s;
../lower_bound/data_hard/08-09-0.00-6.dat;112746.55044926962;user 0m8.001s;
../lower_bound/data_hard/08-09-0.00-7.dat;107402.92138767462;user 0m7.772s;
../lower_bound/data_hard/08-09-0.00-8.dat;109586.52455123684;user 0m7.812s;
../lower_bound/data_hard/08-09-0.00-9.dat;113163.13423438466;user 0m7.856s;
../lower_bound/data_hard/08-10-0.00-10.dat;107976.20655194788;user 0m8.073s;
../lower_bound/data_hard/08-10-0.00-1.dat;105533.07149841727;user 0m8.253s;
../lower_bound/data_hard/08-10-0.00-2.dat;110003.02771807843;user 0m8.185s;
../lower_bound/data_hard/08-10-0.00-3.dat;111775.69398121112;user 0m8.201s;
../lower_bound/data_hard/08-10-0.00-4.dat;105496.1179739969;user 0m8.481s;
../lower_bound/data_hard/08-10-0.00-5.dat;107688.72862519568;user 0m8.369s;
../lower_bound/data_hard/08-10-0.00-6.dat;102095.63307159508;user 0m6.908s;
../lower_bound/data_hard/08-10-0.00-7.dat;109995.16075730542;user 0m8.189s;
../lower_bound/data_hard/08-10-0.00-8.dat;112837.77477933631;user 0m8.325s;
../lower_bound/data_hard/08-10-0.00-9.dat;109602.06027725435;user 0m7.012s;
../lower_bound/data_hard/08-11-0.00-10.dat;105117.59708023035;user 0m8.821s;
../lower_bound/data_hard/08-11-0.00-1.dat;105737.62968426367;user 0m8.545s;
../lower_bound/data_hard/08-11-0.00-2.dat;109252.49449484711;user 0m8.781s;
../lower_bound/data_hard/08-11-0.00-3.dat;113124.43957786579;user 0m8.989s;
../lower_bound/data_hard/08-11-0.00-4.dat;113127.92076608555;user 0m8.713s;
../lower_bound/data_hard/08-11-0.00-5.dat;107593.78385599628;user 0m8.885s;
../lower_bound/data_hard/08-11-0.00-6.dat;106576.03937770237;user 0m9.169s;
../lower_bound/data_hard/08-11-0.00-7.dat;107117.74450780074;user 0m8.741s;
../lower_bound/data_hard/08-11-0.00-8.dat;108831.3720099021;user 0m9.097s;
../lower_bound/data_hard/08-11-0.00-9.dat;114923.09341366631;user 0m8.701s;
../lower_bound/data_hard/08-12-0.00-10.dat;106845.15236301714;user 0m9.541s;
../lower_bound/data_hard/08-12-0.00-1.dat;106949.24184190868;user 0m8.925s;
../lower_bound/data_hard/08-12-0.00-2.dat;110045.93944379078;user 0m9.169s;
../lower_bound/data_hard/08-12-0.00-3.dat;111898.32781193832;user 0m9.313s;
../lower_bound/data_hard/08-12-0.00-4.dat;102914.17027212288;user 0m9.213s;
../lower_bound/data_hard/08-12-0.00-5.dat;104610.16110101619;user 0m9.137s;
../lower_bound/data_hard/08-12-0.00-6.dat;105455.05517413201;user 0m9.473s;
../lower_bound/data_hard/08-12-0.00-7.dat;110679.77355000397;user 0m9.577s;
../lower_bound/data_hard/08-12-0.00-8.dat;105756.73209332807;user 0m9.629s;
../lower_bound/data_hard/08-12-0.00-9.dat;103837.13350085392;user 0m9.613s;
../lower_bound/data_hard/08-13-0.00-10.dat;115380.38882406328;user 0m9.773s;
../lower_bound/data_hard/08-13-0.00-1.dat;109568.11001646753;user 0m9.473s;
../lower_bound/data_hard/08-13-0.00-2.dat;106591.56175061381;user 0m9.689s;
../lower_bound/data_hard/08-13-0.00-3.dat;104047.44375119444;user 0m9.445s;
../lower_bound/data_hard/08-13-0.00-4.dat;111573.69471454076;user 0m9.557s;
../lower_bound/data_hard/08-13-0.00-5.dat;115850.70166108414;user 0m9.757s;
../lower_bound/data_hard/08-13-0.00-6.dat;108235.21461835557;user 0m9.725s;
../lower_bound/data_hard/08-13-0.00-7.dat;113164.83161274262;user 0m10.205s;
../lower_bound/data_hard/08-13-0.00-8.dat;110868.82056014267;user 0m9.797s;
../lower_bound/data_hard/08-13-0.00-9.dat;100276.33458237618;user 0m8.353s;
../lower_bound/data_hard/08-14-0.00-10.dat;110268.0949352067;user 0m10.285s;
../lower_bound/data_hard/08-14-0.00-1.dat;117944.68750840498;user 0m8.821s;
../lower_bound/data_hard/08-14-0.00-2.dat;103604.19264702385;user 0m10.417s;
../lower_bound/data_hard/08-14-0.00-3.dat;109940.20544659173;user 0m9.949s;
../lower_bound/data_hard/08-14-0.00-4.dat;108989.42221089748;user 0m9.929s;
../lower_bound/data_hard/08-14-0.00-5.dat;113670.57835452694;user 0m9.929s;
../lower_bound/data_hard/08-14-0.00-6.dat;110786.10114413705;user 0m10.301s;
../lower_bound/data_hard/08-14-0.00-7.dat;101468.68544184732;user 0m10.313s;
../lower_bound/data_hard/08-14-0.00-8.dat;110003.3092928106;user 0m10.233s;
../lower_bound/data_hard/08-14-0.00-9.dat;106039.24438827754;user 0m9.953s;
../lower_bound/data_hard/08-15-0.00-10.dat;107748.84388667322;user 0m9.713s;
../lower_bound/data_hard/08-15-0.00-1.dat;110741.00660225024;user 0m9.353s;
../lower_bound/data_hard/08-15-0.00-2.dat;107759.75711526627;user 0m10.465s;
../lower_bound/data_hard/08-15-0.00-3.dat;109039.44354491541;user 0m10.545s;
../lower_bound/data_hard/08-15-0.00-4.dat;107407.10463634151;user 0m10.673s;
../lower_bound/data_hard/08-15-0.00-5.dat;114348.49001460112;user 0m10.889s;
../lower_bound/data_hard/08-15-0.00-6.dat;106624.42055408524;user 0m10.765s;
../lower_bound/data_hard/08-15-0.00-7.dat;108594.2977748834;user 0m10.285s;
../lower_bound/data_hard/08-15-0.00-8.dat;105997.81795149793;user 0m10.637s;
../lower_bound/data_hard/08-15-0.00-9.dat;112226.93006729221;user 0m10.777s;
../lower_bound/data_hard/09-05-0.00-10.dat;106731.59955227813;user 0m6.828s;
../lower_bound/data_hard/09-05-0.00-1.dat;102818.73142050716;user 0m6.920s;
../lower_bound/data_hard/09-05-0.00-2.dat;102487.10127456186;user 0m6.912s;
../lower_bound/data_hard/09-05-0.00-3.dat;111555.01667748732;user 0m6.812s;
../lower_bound/data_hard/09-05-0.00-4.dat;98882.50175470588;user 0m6.740s;
../lower_bound/data_hard/09-05-0.00-5.dat;105488.80839703475;user 0m6.996s;
../lower_bound/data_hard/09-05-0.00-6.dat;106360.40547208677;user 0m6.912s;
../lower_bound/data_hard/09-05-0.00-7.dat;103802.94974505233;user 0m7.060s;
../lower_bound/data_hard/09-05-0.00-8.dat;101056.38743093245;user 0m6.944s;
../lower_bound/data_hard/09-05-0.00-9.dat;103560.84672191845;user 0m6.972s;
../lower_bound/data_hard/09-06-0.00-10.dat;106901.7730506297;user 0m7.148s;
../lower_bound/data_hard/09-06-0.00-1.dat;106278.60996897514;user 0m7.368s;
../lower_bound/data_hard/09-06-0.00-2.dat;109236.18663982506;user 0m7.492s;
../lower_bound/data_hard/09-06-0.00-3.dat;102966.51073681924;user 0m7.412s;
../lower_bound/data_hard/09-06-0.00-4.dat;109584.39493489503;user 0m6.072s;
../lower_bound/data_hard/09-06-0.00-5.dat;104658.5552853133;user 0m7.304s;
../lower_bound/data_hard/09-06-0.00-6.dat;108227.26751013781;user 0m6.576s;
../lower_bound/data_hard/09-06-0.00-7.dat;108395.01552607669;user 0m7.556s;
../lower_bound/data_hard/09-06-0.00-8.dat;101232.83689818859;user 0m7.352s;
../lower_bound/data_hard/09-06-0.00-9.dat;108736.36673060538;user 0m7.376s;
../lower_bound/data_hard/09-07-0.00-10.dat;108905.76272308089;user 0m8.245s;
../lower_bound/data_hard/09-07-0.00-1.dat;109197.75870234212;user 0m8.005s;
../lower_bound/data_hard/09-07-0.00-2.dat;102229.62421792213;user 0m8.117s;
../lower_bound/data_hard/09-07-0.00-3.dat;112245.30534850902;user 0m8.013s;
../lower_bound/data_hard/09-07-0.00-4.dat;112531.67551278046;user 0m7.888s;
../lower_bound/data_hard/09-07-0.00-5.dat;111370.19559277027;user 0m8.049s;
../lower_bound/data_hard/09-07-0.00-6.dat;107569.24869656986;user 0m7.884s;
../lower_bound/data_hard/09-07-0.00-7.dat;105997.46559378928;user 0m8.477s;
../lower_bound/data_hard/09-07-0.00-8.dat;108535.88642496208;user 0m8.201s;
../lower_bound/data_hard/09-07-0.00-9.dat;106779.50556036085;user 0m8.165s;
../lower_bound/data_hard/09-08-0.00-10.dat;114447.69512606568;user 0m8.397s;
../lower_bound/data_hard/09-08-0.00-1.dat;106095.38148712514;user 0m8.293s;
../lower_bound/data_hard/09-08-0.00-2.dat;113003.6026609719;user 0m8.197s;
../lower_bound/data_hard/09-08-0.00-3.dat;114835.26346523748;user 0m8.505s;
../lower_bound/data_hard/09-08-0.00-4.dat;110432.31233955036;user 0m8.533s;
../lower_bound/data_hard/09-08-0.00-5.dat;120859.17954535403;user 0m9.121s;
../lower_bound/data_hard/09-08-0.00-6.dat;107154.76558991223;user 0m8.241s;
../lower_bound/data_hard/09-08-0.00-7.dat;119322.91742445173;user 0m8.549s;
../lower_bound/data_hard/09-08-0.00-8.dat;112294.92371994055;user 0m8.381s;
../lower_bound/data_hard/09-08-0.00-9.dat;102710.9139201982;user 0m8.413s;
../lower_bound/data_hard/09-09-0.00-10.dat;106727.551383609;user 0m9.221s;
../lower_bound/data_hard/09-09-0.00-1.dat;110766.96373074681;user 0m8.873s;
../lower_bound/data_hard/09-09-0.00-2.dat;112811.84031092645;user 0m9.117s;
../lower_bound/data_hard/09-09-0.00-3.dat;107130.46157779639;user 0m8.805s;
../lower_bound/data_hard/09-09-0.00-4.dat;112091.10536495129;user 0m8.881s;
../lower_bound/data_hard/09-09-0.00-5.dat;106466.36396658684;user 0m8.689s;
../lower_bound/data_hard/09-09-0.00-6.dat;116297.40338725515;user 0m9.257s;
../lower_bound/data_hard/09-09-0.00-7.dat;108448.93038829441;user 0m9.125s;
../lower_bound/data_hard/09-09-0.00-8.dat;117240.04405515845;user 0m9.337s;
../lower_bound/data_hard/09-09-0.00-9.dat;103237.77991495733;user 0m8.989s;
../lower_bound/data_hard/09-10-0.00-10.dat;115135.17037460256;user 0m9.177s;
../lower_bound/data_hard/09-10-0.00-1.dat;119374.15662031938;user 0m8.177s;
../lower_bound/data_hard/09-10-0.00-2.dat;113590.63047764529;user 0m9.381s;
../lower_bound/data_hard/09-10-0.00-3.dat;107460.55564813483;user 0m8.053s;
../lower_bound/data_hard/09-10-0.00-4.dat;108917.33686849839;user 0m9.193s;
../lower_bound/data_hard/09-10-0.00-5.dat;107829.1160071184;user 0m9.625s;
../lower_bound/data_hard/09-10-0.00-6.dat;103915.83294177736;user 0m9.469s;
../lower_bound/data_hard/09-10-0.00-7.dat;115281.66127081432;user 0m9.581s;
../lower_bound/data_hard/09-10-0.00-8.dat;110447.00815094836;user 0m9.593s;
../lower_bound/data_hard/09-10-0.00-9.dat;110062.39023830084;user 0m8.105s;
../lower_bound/data_hard/09-11-0.00-10.dat;105350.26858473908;user 0m10.349s;
../lower_bound/data_hard/09-11-0.00-1.dat;105902.96101763197;user 0m10.045s;
../lower_bound/data_hard/09-11-0.00-2.dat;116694.88771194982;user 0m9.941s;
../lower_bound/data_hard/09-11-0.00-3.dat;111683.90406757254;user 0m9.601s;
../lower_bound/data_hard/09-11-0.00-4.dat;106780.79722607468;user 0m10.185s;
../lower_bound/data_hard/09-11-0.00-5.dat;114816.11876749368;user 0m8.705s;
../lower_bound/data_hard/09-11-0.00-6.dat;103211.23965313507;user 0m10.149s;
../lower_bound/data_hard/09-11-0.00-7.dat;112932.82095358736;user 0m10.173s;
../lower_bound/data_hard/09-11-0.00-8.dat;109885.92382504023;user 0m10.057s;
../lower_bound/data_hard/09-11-0.00-9.dat;114099.41209013056;user 0m9.941s;
../lower_bound/data_hard/09-12-0.00-10.dat;117774.02173667443;user 0m10.725s;
../lower_bound/data_hard/09-12-0.00-1.dat;111244.87000311702;user 0m10.921s;
../lower_bound/data_hard/09-12-0.00-2.dat;114847.37903392664;user 0m10.717s;
../lower_bound/data_hard/09-12-0.00-3.dat;108782.08910445638;user 0m10.529s;
../lower_bound/data_hard/09-12-0.00-4.dat;112625.79350762475;user 0m11.145s;
../lower_bound/data_hard/09-12-0.00-5.dat;116107.53299098664;user 0m10.785s;
../lower_bound/data_hard/09-12-0.00-6.dat;118750.03415415986;user 0m10.685s;
../lower_bound/data_hard/09-12-0.00-7.dat;112348.50494218049;user 0m10.457s;
../lower_bound/data_hard/09-12-0.00-8.dat;112373.87404864797;user 0m11.229s;
../lower_bound/data_hard/09-12-0.00-9.dat;116326.75567776812;user 0m10.569s;
../lower_bound/data_hard/09-13-0.00-10.dat;113398.05041586651;user 0m11.541s;
../lower_bound/data_hard/09-13-0.00-1.dat;112824.01159429122;user 0m11.281s;
../lower_bound/data_hard/09-13-0.00-2.dat;112379.31013286315;user 0m11.201s;
../lower_bound/data_hard/09-13-0.00-3.dat;113305.96377843624;user 0m11.425s;
../lower_bound/data_hard/09-13-0.00-4.dat;106156.77180281281;user 0m11.065s;
../lower_bound/data_hard/09-13-0.00-5.dat;113523.84906355805;user 0m11.353s;
../lower_bound/data_hard/09-13-0.00-6.dat;111859.1707069115;user 0m11.221s;
../lower_bound/data_hard/09-13-0.00-7.dat;111599.62757732568;user 0m11.409s;
../lower_bound/data_hard/09-13-0.00-8.dat;109651.76936900505;user 0m11.077s;
../lower_bound/data_hard/09-13-0.00-9.dat;113765.71651908917;user 0m11.037s;
../lower_bound/data_hard/09-14-0.00-10.dat;111051.22744708857;user 0m11.885s;
../lower_bound/data_hard/09-14-0.00-1.dat;113511.99408831052;user 0m11.913s;
../lower_bound/data_hard/09-14-0.00-2.dat;115290.0785824533;user 0m11.573s;
../lower_bound/data_hard/09-14-0.00-3.dat;116929.33532790407;user 0m11.821s;
../lower_bound/data_hard/09-14-0.00-4.dat;113696.70851305865;user 0m12.241s;
../lower_bound/data_hard/09-14-0.00-5.dat;111722.74845658083;user 0m11.889s;
../lower_bound/data_hard/09-14-0.00-6.dat;115987.13752057082;user 0m12.165s;
../lower_bound/data_hard/09-14-0.00-7.dat;106807.14173139558;user 0m11.605s;
../lower_bound/data_hard/09-14-0.00-8.dat;109576.38000625181;user 0m11.685s;
../lower_bound/data_hard/09-14-0.00-9.dat;120264.84708170226;user 0m11.913s;
../lower_bound/data_hard/09-15-0.00-10.dat;114141.51326781757;user 0m13.209s;
../lower_bound/data_hard/09-15-0.00-1.dat;108908.2732686581;user 0m12.277s;
../lower_bound/data_hard/09-15-0.00-2.dat;117567.22182432165;user 0m11.373s;
../lower_bound/data_hard/09-15-0.00-3.dat;113959.73275531072;user 0m11.373s;
../lower_bound/data_hard/09-15-0.00-4.dat;104980.06270738934;user 0m12.813s;
../lower_bound/data_hard/09-15-0.00-5.dat;108741.86996740712;user 0m12.125s;
../lower_bound/data_hard/09-15-0.00-6.dat;107707.30505697116;user 0m12.701s;
../lower_bound/data_hard/09-15-0.00-7.dat;114351.47042098003;user 0m12.549s;
../lower_bound/data_hard/09-15-0.00-8.dat;108938.80551840672;user 0m11.173s;
../lower_bound/data_hard/09-15-0.00-9.dat;114990.89287645342;user 0m12.165s;
../lower_bound/data_hard/10-05-0.00-10.dat;107317.99217071787;user 0m7.904s;
../lower_bound/data_hard/10-05-0.00-1.dat;109603.42734848254;user 0m7.712s;
../lower_bound/data_hard/10-05-0.00-2.dat;108486.46448715315;user 0m7.896s;
../lower_bound/data_hard/10-05-0.00-3.dat;113794.36504835368;user 0m7.464s;
../lower_bound/data_hard/10-05-0.00-4.dat;107153.2170504433;user 0m7.376s;
../lower_bound/data_hard/10-05-0.00-5.dat;104711.4821578014;user 0m7.768s;
../lower_bound/data_hard/10-05-0.00-6.dat;108023.815347713;user 0m6.236s;
../lower_bound/data_hard/10-05-0.00-7.dat;107056.15258293222;user 0m7.916s;
../lower_bound/data_hard/10-05-0.00-8.dat;108850.2929989864;user 0m7.816s;
../lower_bound/data_hard/10-05-0.00-9.dat;109166.45368031367;user 0m7.744s;
../lower_bound/data_hard/10-06-0.00-10.dat;110032.12001451889;user 0m8.681s;
../lower_bound/data_hard/10-06-0.00-1.dat;109194.05634120399;user 0m8.329s;
../lower_bound/data_hard/10-06-0.00-2.dat;110622.25920899965;user 0m8.117s;
../lower_bound/data_hard/10-06-0.00-3.dat;114714.0869855852;user 0m8.089s;
../lower_bound/data_hard/10-06-0.00-4.dat;104292.11105456851;user 0m8.337s;
../lower_bound/data_hard/10-06-0.00-5.dat;117284.32122435003;user 0m8.281s;
../lower_bound/data_hard/10-06-0.00-6.dat;110186.78114552212;user 0m8.265s;
../lower_bound/data_hard/10-06-0.00-7.dat;105276.1696914415;user 0m8.281s;
../lower_bound/data_hard/10-06-0.00-8.dat;118196.57754458621;user 0m8.181s;
../lower_bound/data_hard/10-06-0.00-9.dat;108201.83450303062;user 0m8.201s;
../lower_bound/data_hard/10-07-0.00-10.dat;115357.59639394004;user 0m8.561s;
../lower_bound/data_hard/10-07-0.00-1.dat;114641.14496158058;user 0m8.873s;
../lower_bound/data_hard/10-07-0.00-2.dat;112527.73421953761;user 0m8.653s;
../lower_bound/data_hard/10-07-0.00-3.dat;106554.69209150321;user 0m8.817s;
../lower_bound/data_hard/10-07-0.00-4.dat;110074.7033644327;user 0m8.753s;
../lower_bound/data_hard/10-07-0.00-5.dat;110397.3532112874;user 0m8.813s;
../lower_bound/data_hard/10-07-0.00-6.dat;114364.27301194127;user 0m8.657s;
../lower_bound/data_hard/10-07-0.00-7.dat;111054.92528674635;user 0m9.129s;
../lower_bound/data_hard/10-07-0.00-8.dat;111741.53820463948;user 0m8.945s;
../lower_bound/data_hard/10-07-0.00-9.dat;110429.41329914489;user 0m8.729s;
../lower_bound/data_hard/10-08-0.00-10.dat;112739.41037031809;user 0m9.577s;
../lower_bound/data_hard/10-08-0.00-1.dat;114292.58430660765;user 0m9.477s;
../lower_bound/data_hard/10-08-0.00-2.dat;102484.37960247781;user 0m9.601s;
../lower_bound/data_hard/10-08-0.00-3.dat;102196.9035683871;user 0m9.369s;
../lower_bound/data_hard/10-08-0.00-4.dat;111330.81903678819;user 0m9.693s;
../lower_bound/data_hard/10-08-0.00-5.dat;109956.05524689503;user 0m9.373s;
../lower_bound/data_hard/10-08-0.00-6.dat;114019.99992075833;user 0m9.433s;
../lower_bound/data_hard/10-08-0.00-7.dat;110965.42471794804;user 0m8.165s;
../lower_bound/data_hard/10-08-0.00-8.dat;117516.40202622366;user 0m9.221s;
../lower_bound/data_hard/10-08-0.00-9.dat;114726.9633392958;user 0m9.469s;
../lower_bound/data_hard/10-09-0.00-10.dat;115594.57028671096;user 0m9.785s;
../lower_bound/data_hard/10-09-0.00-1.dat;113880.06567235936;user 0m9.761s;
../lower_bound/data_hard/10-09-0.00-2.dat;110576.15988878849;user 0m9.977s;
../lower_bound/data_hard/10-09-0.00-3.dat;112338.12515595647;user 0m10.201s;
../lower_bound/data_hard/10-09-0.00-4.dat;110519.00140745981;user 0m10.117s;
../lower_bound/data_hard/10-09-0.00-5.dat;119223.54588312567;user 0m8.485s;
../lower_bound/data_hard/10-09-0.00-6.dat;117260.25705186561;user 0m9.529s;
../lower_bound/data_hard/10-09-0.00-7.dat;112805.878543219;user 0m10.213s;
../lower_bound/data_hard/10-09-0.00-8.dat;113146.57725733507;user 0m10.797s;
../lower_bound/data_hard/10-09-0.00-9.dat;114672.06413406777;user 0m8.545s;
../lower_bound/data_hard/10-10-0.00-10.dat;118637.50284253687;user 0m10.897s;
../lower_bound/data_hard/10-10-0.00-1.dat;109675.09498310863;user 0m11.173s;
../lower_bound/data_hard/10-10-0.00-2.dat;118286.45400765646;user 0m10.561s;
../lower_bound/data_hard/10-10-0.00-3.dat;110970.7533520794;user 0m11.297s;
../lower_bound/data_hard/10-10-0.00-4.dat;106880.71624428876;user 0m10.697s;
../lower_bound/data_hard/10-10-0.00-5.dat;107871.2970867411;user 0m10.605s;
../lower_bound/data_hard/10-10-0.00-6.dat;119066.60818637666;user 0m10.621s;
../lower_bound/data_hard/10-10-0.00-7.dat;116639.32516984107;user 0m11.117s;
../lower_bound/data_hard/10-10-0.00-8.dat;109649.90559240666;user 0m10.601s;
../lower_bound/data_hard/10-10-0.00-9.dat;116226.79930431828;user 0m9.141s;
../lower_bound/data_hard/10-11-0.00-10.dat;118204.00848772484;user 0m11.829s;
../lower_bound/data_hard/10-11-0.00-1.dat;108392.5576271146;user 0m11.409s;
../lower_bound/data_hard/10-11-0.00-2.dat;109872.75622071231;user 0m11.273s;
../lower_bound/data_hard/10-11-0.00-3.dat;111737.55897967325;user 0m11.153s;
../lower_bound/data_hard/10-11-0.00-4.dat;116842.96815382296;user 0m11.157s;
../lower_bound/data_hard/10-11-0.00-5.dat;113219.63177656941;user 0m10.957s;
../lower_bound/data_hard/10-11-0.00-6.dat;111523.8718552543;user 0m11.593s;
../lower_bound/data_hard/10-11-0.00-7.dat;111751.62121434997;user 0m11.461s;
../lower_bound/data_hard/10-11-0.00-8.dat;111260.87539797061;user 0m11.229s;
../lower_bound/data_hard/10-11-0.00-9.dat;115360.06893479318;user 0m11.585s;
../lower_bound/data_hard/10-12-0.00-10.dat;110262.85443284424;user 0m12.181s;
../lower_bound/data_hard/10-12-0.00-1.dat;113505.59738097977;user 0m11.973s;
../lower_bound/data_hard/10-12-0.00-2.dat;116358.13655589838;user 0m11.953s;
../lower_bound/data_hard/10-12-0.00-3.dat;115300.84384914507;user 0m12.057s;
../lower_bound/data_hard/10-12-0.00-4.dat;112115.06228858679;user 0m12.633s;
../lower_bound/data_hard/10-12-0.00-5.dat;110590.59558320696;user 0m12.453s;
../lower_bound/data_hard/10-12-0.00-6.dat;112701.58456362333;user 0m12.073s;
../lower_bound/data_hard/10-12-0.00-7.dat;118683.66017669324;user 0m12.145s;
../lower_bound/data_hard/10-12-0.00-8.dat;110283.34194203447;user 0m12.685s;
../lower_bound/data_hard/10-12-0.00-9.dat;110102.96907710348;user 0m12.565s;
../lower_bound/data_hard/10-13-0.00-10.dat;115737.91653747548;user 0m12.857s;
../lower_bound/data_hard/10-13-0.00-1.dat;111572.0783991345;user 0m13.181s;
../lower_bound/data_hard/10-13-0.00-2.dat;114874.10247742539;user 0m13.149s;
../lower_bound/data_hard/10-13-0.00-3.dat;114140.12765530897;user 0m13.177s;
../lower_bound/data_hard/10-13-0.00-4.dat;116960.81108091673;user 0m12.829s;
../lower_bound/data_hard/10-13-0.00-5.dat;118603.31582099506;user 0m12.909s;
../lower_bound/data_hard/10-13-0.00-6.dat;115304.34689539309;user 0m13.325s;
../lower_bound/data_hard/10-13-0.00-7.dat;116338.90207035902;user 0m12.845s;
../lower_bound/data_hard/10-13-0.00-8.dat;117837.87151653318;user 0m13.497s;
../lower_bound/data_hard/10-13-0.00-9.dat;108774.58290533372;user 0m13.365s;
../lower_bound/data_hard/10-14-0.00-10.dat;114833.07040545598;user 0m14.253s;
../lower_bound/data_hard/10-14-0.00-1.dat;117992.73613124691;user 0m11.785s;
../lower_bound/data_hard/10-14-0.00-2.dat;107096.9613307282;user 0m13.877s;
../lower_bound/data_hard/10-14-0.00-3.dat;110838.2337565121;user 0m13.533s;
../lower_bound/data_hard/10-14-0.00-4.dat;110414.87088722954;user 0m13.717s;
../lower_bound/data_hard/10-14-0.00-5.dat;127801.94257313169;user 0m12.413s;
../lower_bound/data_hard/10-14-0.00-6.dat;114403.9990504973;user 0m13.541s;
../lower_bound/data_hard/10-14-0.00-7.dat;117854.8222130708;user 0m13.069s;
../lower_bound/data_hard/10-14-0.00-8.dat;110342.62193115307;user 0m12.941s;
../lower_bound/data_hard/10-14-0.00-9.dat;108182.64904247677;user 0m13.449s;
../lower_bound/data_hard/10-15-0.00-10.dat;111745.20140865022;user 0m14.697s;
../lower_bound/data_hard/10-15-0.00-1.dat;115291.97881626176;user 0m14.597s;
../lower_bound/data_hard/10-15-0.00-2.dat;115594.77643353135;user 0m14.661s;
../lower_bound/data_hard/10-15-0.00-3.dat;122420.04392189025;user 0m13.725s;
../lower_bound/data_hard/10-15-0.00-4.dat;115002.24424652998;user 0m13.997s;
../lower_bound/data_hard/10-15-0.00-5.dat;112907.78101467445;user 0m14.793s;
../lower_bound/data_hard/10-15-0.00-6.dat;111253.48935282737;user 0m13.193s;
../lower_bound/data_hard/10-15-0.00-7.dat;117175.51993888622;user 0m14.249s;
../lower_bound/data_hard/10-15-0.00-8.dat;114791.24675084553;user 0m14.121s;
../lower_bound/data_hard/10-15-0.00-9.dat;116276.01746015811;user 0m14.373s;
../lower_bound/data_hard/11-05-0.00-10.dat;102914.68233608291;user 0m8.765s;
../lower_bound/data_hard/11-05-0.00-1.dat;116019.89106723017;user 0m8.849s;
../lower_bound/data_hard/11-05-0.00-2.dat;112735.67779071479;user 0m8.889s;
../lower_bound/data_hard/11-05-0.00-3.dat;103212.84132190506;user 0m8.549s;
../lower_bound/data_hard/11-05-0.00-4.dat;109976.71177522921;user 0m8.813s;
../lower_bound/data_hard/11-05-0.00-5.dat;107984.05964575244;user 0m8.721s;
../lower_bound/data_hard/11-05-0.00-6.dat;103941.42480837459;user 0m8.701s;
../lower_bound/data_hard/11-05-0.00-7.dat;107712.38516848047;user 0m8.397s;
../lower_bound/data_hard/11-05-0.00-8.dat;107821.204153195;user 0m8.817s;
../lower_bound/data_hard/11-05-0.00-9.dat;106213.68414859152;user 0m8.285s;
../lower_bound/data_hard/11-06-0.00-10.dat;105790.56578604132;user 0m9.261s;
../lower_bound/data_hard/11-06-0.00-1.dat;111917.42772900041;user 0m9.097s;
../lower_bound/data_hard/11-06-0.00-2.dat;106706.72921600561;user 0m9.033s;
../lower_bound/data_hard/11-06-0.00-3.dat;105952.69358047207;user 0m9.053s;
../lower_bound/data_hard/11-06-0.00-4.dat;114890.54558554417;user 0m9.381s;
../lower_bound/data_hard/11-06-0.00-5.dat;104333.90213299464;user 0m9.149s;
../lower_bound/data_hard/11-06-0.00-6.dat;113623.62492843824;user 0m9.093s;
../lower_bound/data_hard/11-06-0.00-7.dat;113959.4491001703;user 0m9.293s;
../lower_bound/data_hard/11-06-0.00-8.dat;115915.2661255875;user 0m9.325s;
../lower_bound/data_hard/11-06-0.00-9.dat;106452.19729968662;user 0m8.865s;
../lower_bound/data_hard/11-07-0.00-10.dat;114210.42662332504;user 0m9.885s;
../lower_bound/data_hard/11-07-0.00-1.dat;111318.90468181811;user 0m9.857s;
../lower_bound/data_hard/11-07-0.00-2.dat;118008.1731961879;user 0m9.701s;
../lower_bound/data_hard/11-07-0.00-3.dat;107587.84935942663;user 0m9.793s;
../lower_bound/data_hard/11-07-0.00-4.dat;114027.20171040122;user 0m9.953s;
../lower_bound/data_hard/11-07-0.00-5.dat;121573.87431920442;user 0m10.313s;
../lower_bound/data_hard/11-07-0.00-6.dat;113102.78047055526;user 0m9.937s;
../lower_bound/data_hard/11-07-0.00-7.dat;119663.92160647133;user 0m10.177s;
../lower_bound/data_hard/11-07-0.00-8.dat;104466.43659272543;user 0m8.693s;
../lower_bound/data_hard/11-07-0.00-9.dat;113100.3394224157;user 0m10.065s;
../lower_bound/data_hard/11-08-0.00-10.dat;109278.13335004197;user 0m10.509s;
../lower_bound/data_hard/11-08-0.00-1.dat;115803.74100547275;user 0m10.745s;
../lower_bound/data_hard/11-08-0.00-2.dat;108754.99401632651;user 0m8.625s;
../lower_bound/data_hard/11-08-0.00-3.dat;117246.16719129335;user 0m10.821s;
../lower_bound/data_hard/11-08-0.00-4.dat;110832.60760685866;user 0m10.301s;
../lower_bound/data_hard/11-08-0.00-5.dat;112565.2435467012;user 0m10.397s;
../lower_bound/data_hard/11-08-0.00-6.dat;104091.62938372606;user 0m10.401s;
../lower_bound/data_hard/11-08-0.00-7.dat;113763.5335331256;user 0m10.685s;
../lower_bound/data_hard/11-08-0.00-8.dat;112625.41968787594;user 0m10.669s;
../lower_bound/data_hard/11-08-0.00-9.dat;107847.21261637677;user 0m10.525s;
../lower_bound/data_hard/11-09-0.00-10.dat;123152.31207107284;user 0m9.349s;
../lower_bound/data_hard/11-09-0.00-1.dat;115290.25668186817;user 0m11.345s;
../lower_bound/data_hard/11-09-0.00-2.dat;121400.78114895898;user 0m11.257s;
../lower_bound/data_hard/11-09-0.00-3.dat;112300.08738460703;user 0m10.885s;
../lower_bound/data_hard/11-09-0.00-4.dat;114942.1492193719;user 0m11.821s;
../lower_bound/data_hard/11-09-0.00-5.dat;110668.58309011467;user 0m11.433s;
../lower_bound/data_hard/11-09-0.00-6.dat;115657.70452751954;user 0m11.681s;
../lower_bound/data_hard/11-09-0.00-7.dat;114883.31090763328;user 0m11.341s;
../lower_bound/data_hard/11-09-0.00-8.dat;114564.41027315788;user 0m11.093s;
../lower_bound/data_hard/11-09-0.00-9.dat;117016.70399223283;user 0m11.581s;
../lower_bound/data_hard/11-10-0.00-10.dat;116965.85867074871;user 0m12.557s;
../lower_bound/data_hard/11-10-0.00-1.dat;115343.49294654217;user 0m12.265s;
../lower_bound/data_hard/11-10-0.00-2.dat;113150.41660320153;user 0m12.009s;
../lower_bound/data_hard/11-10-0.00-3.dat;116362.84522023091;user 0m12.501s;
../lower_bound/data_hard/11-10-0.00-4.dat;116063.64290146096;user 0m12.253s;
../lower_bound/data_hard/11-10-0.00-5.dat;113615.14213697017;user 0m12.361s;
../lower_bound/data_hard/11-10-0.00-6.dat;110739.0278676303;user 0m12.337s;
../lower_bound/data_hard/11-10-0.00-7.dat;114043.87257809237;user 0m11.981s;
../lower_bound/data_hard/11-10-0.00-8.dat;109364.55046188152;user 0m12.301s;
../lower_bound/data_hard/11-10-0.00-9.dat;116761.56570032498;user 0m11.749s;
../lower_bound/data_hard/11-11-0.00-10.dat;109672.22963866091;user 0m11.729s;
../lower_bound/data_hard/11-11-0.00-1.dat;114474.1436502412;user 0m13.201s;
../lower_bound/data_hard/11-11-0.00-2.dat;112927.91597737004;user 0m12.837s;
../lower_bound/data_hard/11-11-0.00-3.dat;114229.49409190085;user 0m13.321s;
../lower_bound/data_hard/11-11-0.00-4.dat;113738.40209613639;user 0m12.645s;
../lower_bound/data_hard/11-11-0.00-5.dat;110382.79890049936;user 0m12.849s;
../lower_bound/data_hard/11-11-0.00-6.dat;113290.42918134511;user 0m12.797s;
../lower_bound/data_hard/11-11-0.00-7.dat;113502.39852227042;user 0m13.341s;
../lower_bound/data_hard/11-11-0.00-8.dat;114038.83464632212;user 0m12.953s;
../lower_bound/data_hard/11-11-0.00-9.dat;106513.22239830624;user 0m13.285s;
../lower_bound/data_hard/11-12-0.00-10.dat;113015.79013707083;user 0m14.029s;
../lower_bound/data_hard/11-12-0.00-1.dat;115328.57139578136;user 0m13.933s;
../lower_bound/data_hard/11-12-0.00-2.dat;115231.8928453994;user 0m14.041s;
../lower_bound/data_hard/11-12-0.00-3.dat;114471.1181042444;user 0m13.593s;
../lower_bound/data_hard/11-12-0.00-4.dat;110190.43524142404;user 0m14.425s;
../lower_bound/data_hard/11-12-0.00-5.dat;123452.48468838824;user 0m14.013s;
../lower_bound/data_hard/11-12-0.00-6.dat;112787.77393376116;user 0m14.089s;
../lower_bound/data_hard/11-12-0.00-7.dat;113892.29886082164;user 0m13.785s;
../lower_bound/data_hard/11-12-0.00-8.dat;113390.90467540394;user 0m13.777s;
../lower_bound/data_hard/11-12-0.00-9.dat;114466.69744915445;user 0m14.405s;
../lower_bound/data_hard/11-13-0.00-10.dat;112419.7625755789;user 0m13.217s;
../lower_bound/data_hard/11-13-0.00-1.dat;116898.68693705971;user 0m14.937s;
../lower_bound/data_hard/11-13-0.00-2.dat;114409.73759700506;user 0m15.041s;
../lower_bound/data_hard/11-13-0.00-3.dat;118593.96548105514;user 0m15.277s;
../lower_bound/data_hard/11-13-0.00-4.dat;116495.48960141966;user 0m15.313s;
../lower_bound/data_hard/11-13-0.00-5.dat;110560.87035643823;user 0m14.941s;
../lower_bound/data_hard/11-13-0.00-6.dat;115522.38967748173;user 0m13.173s;
../lower_bound/data_hard/11-13-0.00-7.dat;109660.53613244423;user 0m15.145s;
../lower_bound/data_hard/11-13-0.00-8.dat;117954.80110737741;user 0m12.893s;
../lower_bound/data_hard/11-13-0.00-9.dat;115279.47290493357;user 0m15.001s;
../lower_bound/data_hard/11-14-0.00-10.dat;119983.35675915255;user 0m15.765s;
../lower_bound/data_hard/11-14-0.00-1.dat;120267.4631319286;user 0m16.093s;
../lower_bound/data_hard/11-14-0.00-2.dat;125389.85619292333;user 0m15.825s;
../lower_bound/data_hard/11-14-0.00-3.dat;118553.99721545106;user 0m15.557s;
../lower_bound/data_hard/11-14-0.00-4.dat;123646.91311005506;user 0m15.765s;
../lower_bound/data_hard/11-14-0.00-5.dat;117754.93670890886;user 0m15.453s;
../lower_bound/data_hard/11-14-0.00-6.dat;120097.222280678;user 0m15.721s;
../lower_bound/data_hard/11-14-0.00-7.dat;110378.10972870803;user 0m16.169s;
../lower_bound/data_hard/11-14-0.00-8.dat;109592.32673017596;user 0m15.277s;
../lower_bound/data_hard/11-14-0.00-9.dat;116468.50317414553;user 0m15.257s;
../lower_bound/data_hard/11-15-0.00-10.dat;118167.71427379972;user 0m17.109s;
../lower_bound/data_hard/11-15-0.00-1.dat;112032.5320077412;user 0m16.357s;
../lower_bound/data_hard/11-15-0.00-2.dat;118680.50723954017;user 0m16.529s;
../lower_bound/data_hard/11-15-0.00-3.dat;113470.16214825326;user 0m16.653s;
../lower_bound/data_hard/11-15-0.00-4.dat;111588.45398382035;user 0m16.949s;
../lower_bound/data_hard/11-15-0.00-5.dat;113902.46962133808;user 0m16.597s;
../lower_bound/data_hard/11-15-0.00-6.dat;111727.13451688043;user 0m16.485s;
../lower_bound/data_hard/11-15-0.00-7.dat;113930.31887101688;user 0m15.989s;
../lower_bound/data_hard/11-15-0.00-8.dat;115126.31269027601;user 0m16.825s;
../lower_bound/data_hard/11-15-0.00-9.dat;112672.37789607464;user 0m16.645s;
../lower_bound/data_hard/12-05-0.00-10.dat;111852.4904649855;user 0m9.933s;
../lower_bound/data_hard/12-05-0.00-1.dat;106462.53147904645;user 0m9.301s;
../lower_bound/data_hard/12-05-0.00-2.dat;103578.09038218149;user 0m7.784s;
../lower_bound/data_hard/12-05-0.00-3.dat;105177.80770887718;user 0m10.069s;
../lower_bound/data_hard/12-05-0.00-4.dat;105471.47117600696;user 0m9.781s;
../lower_bound/data_hard/12-05-0.00-5.dat;103278.83319162333;user 0m9.693s;
../lower_bound/data_hard/12-05-0.00-6.dat;113217.449137851;user 0m9.525s;
../lower_bound/data_hard/12-05-0.00-7.dat;102262.18729659289;user 0m9.801s;
../lower_bound/data_hard/12-05-0.00-8.dat;116780.87214945091;user 0m9.713s;
../lower_bound/data_hard/12-05-0.00-9.dat;104652.6008688781;user 0m9.889s;
../lower_bound/data_hard/12-06-0.00-10.dat;116400.59807434252;user 0m9.961s;
../lower_bound/data_hard/12-06-0.00-1.dat;106684.25396517655;user 0m10.389s;
../lower_bound/data_hard/12-06-0.00-2.dat;113208.81498719966;user 0m9.689s;
../lower_bound/data_hard/12-06-0.00-3.dat;105920.2984086643;user 0m10.297s;
../lower_bound/data_hard/12-06-0.00-4.dat;107597.81792282056;user 0m10.145s;
../lower_bound/data_hard/12-06-0.00-5.dat;114282.9701903753;user 0m9.721s;
../lower_bound/data_hard/12-06-0.00-6.dat;113200.20835114869;user 0m9.969s;
../lower_bound/data_hard/12-06-0.00-7.dat;109248.6783011851;user 0m10.261s;
../lower_bound/data_hard/12-06-0.00-8.dat;107893.49663163951;user 0m10.121s;
../lower_bound/data_hard/12-06-0.00-9.dat;106001.71994023676;user 0m10.429s;
../lower_bound/data_hard/12-07-0.00-10.dat;109332.18196057157;user 0m10.745s;
../lower_bound/data_hard/12-07-0.00-1.dat;117605.64058966425;user 0m10.653s;
../lower_bound/data_hard/12-07-0.00-2.dat;108656.82705427881;user 0m10.885s;
../lower_bound/data_hard/12-07-0.00-3.dat;112608.90298404642;user 0m8.773s;
../lower_bound/data_hard/12-07-0.00-4.dat;105310.67407806261;user 0m10.857s;
../lower_bound/data_hard/12-07-0.00-5.dat;117071.5728981483;user 0m11.077s;
../lower_bound/data_hard/12-07-0.00-6.dat;113222.61461497932;user 0m10.609s;
../lower_bound/data_hard/12-07-0.00-7.dat;110789.20382008712;user 0m11.157s;
../lower_bound/data_hard/12-07-0.00-8.dat;106756.65557716122;user 0m9.173s;
../lower_bound/data_hard/12-07-0.00-9.dat;104949.4285022925;user 0m9.397s;
../lower_bound/data_hard/12-08-0.00-10.dat;119494.32432357286;user 0m12.009s;
../lower_bound/data_hard/12-08-0.00-1.dat;119981.43466736002;user 0m9.693s;
../lower_bound/data_hard/12-08-0.00-2.dat;110258.54543939614;user 0m11.901s;
../lower_bound/data_hard/12-08-0.00-3.dat;109045.6843479085;user 0m11.813s;
../lower_bound/data_hard/12-08-0.00-4.dat;116577.9453733187;user 0m11.841s;
../lower_bound/data_hard/12-08-0.00-5.dat;114496.21992088301;user 0m12.045s;
../lower_bound/data_hard/12-08-0.00-6.dat;112766.66240859426;user 0m11.565s;
../lower_bound/data_hard/12-08-0.00-7.dat;106846.98731572123;user 0m12.029s;
../lower_bound/data_hard/12-08-0.00-8.dat;109880.29989652034;user 0m12.061s;
../lower_bound/data_hard/12-08-0.00-9.dat;115653.41270185952;user 0m11.781s;
../lower_bound/data_hard/12-09-0.00-10.dat;119679.1261039766;user 0m13.049s;
../lower_bound/data_hard/12-09-0.00-1.dat;113853.36031955807;user 0m12.669s;
../lower_bound/data_hard/12-09-0.00-2.dat;118580.47862647382;user 0m13.033s;
../lower_bound/data_hard/12-09-0.00-3.dat;114353.33137498885;user 0m12.969s;
../lower_bound/data_hard/12-09-0.00-4.dat;109915.00647325706;user 0m13.101s;
../lower_bound/data_hard/12-09-0.00-5.dat;113190.36587466675;user 0m13.149s;
../lower_bound/data_hard/12-09-0.00-6.dat;113392.56413592603;user 0m13.217s;
../lower_bound/data_hard/12-09-0.00-7.dat;107531.29080736803;user 0m13.141s;
../lower_bound/data_hard/12-09-0.00-8.dat;117131.7814789454;user 0m12.689s;
../lower_bound/data_hard/12-09-0.00-9.dat;118331.73481470825;user 0m13.261s;
../lower_bound/data_hard/12-10-0.00-10.dat;109112.2148039014;user 0m13.349s;
../lower_bound/data_hard/12-10-0.00-1.dat;119161.50099536875;user 0m13.765s;
../lower_bound/data_hard/12-10-0.00-2.dat;115248.8492786042;user 0m13.993s;
../lower_bound/data_hard/12-10-0.00-3.dat;114394.02883967648;user 0m14.313s;
../lower_bound/data_hard/12-10-0.00-4.dat;128139.42662217545;user 0m13.601s;
../lower_bound/data_hard/12-10-0.00-5.dat;112576.60216285406;user 0m13.849s;
../lower_bound/data_hard/12-10-0.00-6.dat;113659.02556704845;user 0m13.769s;
../lower_bound/data_hard/12-10-0.00-7.dat;111958.40242915592;user 0m14.305s;
../lower_bound/data_hard/12-10-0.00-8.dat;114449.52887282052;user 0m13.849s;
../lower_bound/data_hard/12-10-0.00-9.dat;115835.06054776636;user 0m13.597s;
../lower_bound/data_hard/12-11-0.00-10.dat;121660.0102086153;user 0m14.437s;
../lower_bound/data_hard/12-11-0.00-1.dat;115902.64236741932;user 0m14.585s;
../lower_bound/data_hard/12-11-0.00-2.dat;114593.0058286686;user 0m14.449s;
../lower_bound/data_hard/12-11-0.00-3.dat;109959.69902668407;user 0m14.589s;
../lower_bound/data_hard/12-11-0.00-4.dat;113454.8558802269;user 0m12.853s;
../lower_bound/data_hard/12-11-0.00-5.dat;111086.39973764367;user 0m14.533s;
../lower_bound/data_hard/12-11-0.00-6.dat;112287.64861142937;user 0m14.473s;
../lower_bound/data_hard/12-11-0.00-7.dat;110027.36028300399;user 0m14.377s;
../lower_bound/data_hard/12-11-0.00-8.dat;118716.62952139454;user 0m14.553s;
../lower_bound/data_hard/12-11-0.00-9.dat;122997.54196945405;user 0m14.469s;
../lower_bound/data_hard/12-12-0.00-10.dat;117477.35297185369;user 0m15.849s;
../lower_bound/data_hard/12-12-0.00-1.dat;114668.4867686522;user 0m16.113s;
../lower_bound/data_hard/12-12-0.00-2.dat;118607.47010188506;user 0m16.185s;
../lower_bound/data_hard/12-12-0.00-3.dat;116733.86680731167;user 0m15.617s;
../lower_bound/data_hard/12-12-0.00-4.dat;112707.56470569051;user 0m15.305s;
../lower_bound/data_hard/12-12-0.00-5.dat;107573.88719880463;user 0m15.577s;
../lower_bound/data_hard/12-12-0.00-6.dat;121910.81117257375;user 0m15.937s;
../lower_bound/data_hard/12-12-0.00-7.dat;110594.49259788932;user 0m15.629s;
../lower_bound/data_hard/12-12-0.00-8.dat;113843.29178739259;user 0m13.537s;
../lower_bound/data_hard/12-12-0.00-9.dat;116054.68167239854;user 0m15.745s;
../lower_bound/data_hard/12-13-0.00-10.dat;118209.6965912928;user 0m17.169s;
../lower_bound/data_hard/12-13-0.00-1.dat;113522.91830350347;user 0m17.377s;
../lower_bound/data_hard/12-13-0.00-2.dat;114409.46106857357;user 0m17.101s;
../lower_bound/data_hard/12-13-0.00-3.dat;116929.78913850973;user 0m16.801s;
../lower_bound/data_hard/12-13-0.00-4.dat;110097.29935019733;user 0m15.049s;
../lower_bound/data_hard/12-13-0.00-5.dat;117053.11977795883;user 0m16.361s;
../lower_bound/data_hard/12-13-0.00-6.dat;116262.26082417036;user 0m14.221s;
../lower_bound/data_hard/12-13-0.00-7.dat;117683.73670183295;user 0m16.561s;
../lower_bound/data_hard/12-13-0.00-8.dat;122156.85001229192;user 0m16.765s;
../lower_bound/data_hard/12-13-0.00-9.dat;110336.70937864663;user 0m16.585s;
../lower_bound/data_hard/12-14-0.00-10.dat;110737.69014759168;user 0m17.813s;
../lower_bound/data_hard/12-14-0.00-1.dat;110838.06481999546;user 0m17.709s;
../lower_bound/data_hard/12-14-0.00-2.dat;119765.66228896298;user 0m17.889s;
../lower_bound/data_hard/12-14-0.00-3.dat;113016.04632607274;user 0m18.065s;
../lower_bound/data_hard/12-14-0.00-4.dat;108275.87036366189;user 0m17.677s;
../lower_bound/data_hard/12-14-0.00-5.dat;112573.98565261372;user 0m17.353s;
../lower_bound/data_hard/12-14-0.00-6.dat;116824.15848666192;user 0m17.997s;
../lower_bound/data_hard/12-14-0.00-7.dat;117756.35582300533;user 0m18.353s;
../lower_bound/data_hard/12-14-0.00-8.dat;;user 0m6.400s;
../lower_bound/data_hard/12-14-0.00-9.dat;120184.67175605927;user 0m17.693s;
../lower_bound/data_hard/12-15-0.00-10.dat;113747.20170905434;user 0m18.441s;
../lower_bound/data_hard/12-15-0.00-1.dat;115944.37594798704;user 0m18.733s;
../lower_bound/data_hard/12-15-0.00-2.dat;110365.84513070472;user 0m19.045s;
../lower_bound/data_hard/12-15-0.00-3.dat;110658.63270923331;user 0m18.525s;
../lower_bound/data_hard/12-15-0.00-4.dat;116388.57296852965;user 0m18.433s;
../lower_bound/data_hard/12-15-0.00-5.dat;118880.86302192697;user 0m19.181s;
../lower_bound/data_hard/12-15-0.00-6.dat;117760.5996365125;user 0m18.633s;
../lower_bound/data_hard/12-15-0.00-7.dat;116938.28578454467;user 0m18.977s;
../lower_bound/data_hard/12-15-0.00-8.dat;121873.27737404866;user 0m18.345s;
../lower_bound/data_hard/12-15-0.00-9.dat;119491.07593216877;user 0m19.297s;
../lower_bound/data_hard/13-05-0.00-10.dat;108234.79831884766;user 0m10.981s;
../lower_bound/data_hard/13-05-0.00-1.dat;104211.49876360419;user 0m10.765s;
../lower_bound/data_hard/13-05-0.00-2.dat;100555.92232746845;user 0m11.277s;
../lower_bound/data_hard/13-05-0.00-3.dat;105373.43919573713;user 0m10.873s;
../lower_bound/data_hard/13-05-0.00-4.dat;107871.88424147022;user 0m10.885s;
../lower_bound/data_hard/13-05-0.00-5.dat;105947.84429782716;user 0m10.721s;
../lower_bound/data_hard/13-05-0.00-6.dat;101842.21271384759;user 0m8.501s;
../lower_bound/data_hard/13-05-0.00-7.dat;106649.11777316117;user 0m10.893s;
../lower_bound/data_hard/13-05-0.00-8.dat;101965.73698484384;user 0m10.921s;
../lower_bound/data_hard/13-05-0.00-9.dat;112580.34087072886;user 0m11.053s;
../lower_bound/data_hard/13-06-0.00-10.dat;107537.21687585294;user 0m11.477s;
../lower_bound/data_hard/13-06-0.00-1.dat;110408.23598786858;user 0m11.373s;
../lower_bound/data_hard/13-06-0.00-2.dat;116184.65942693925;user 0m11.781s;
../lower_bound/data_hard/13-06-0.00-3.dat;104124.7539705097;user 0m11.481s;
../lower_bound/data_hard/13-06-0.00-4.dat;112043.15153899149;user 0m11.117s;
../lower_bound/data_hard/13-06-0.00-5.dat;106597.50966748854;user 0m9.309s;
../lower_bound/data_hard/13-06-0.00-6.dat;107335.49585936598;user 0m11.081s;
../lower_bound/data_hard/13-06-0.00-7.dat;107676.42533549386;user 0m11.289s;
../lower_bound/data_hard/13-06-0.00-8.dat;111285.50007188707;user 0m11.377s;
../lower_bound/data_hard/13-06-0.00-9.dat;106431.37364196872;user 0m11.181s;
../lower_bound/data_hard/13-07-0.00-10.dat;109402.95283587175;user 0m12.077s;
../lower_bound/data_hard/13-07-0.00-1.dat;114373.08136397689;user 0m11.869s;
../lower_bound/data_hard/13-07-0.00-2.dat;113490.45880276928;user 0m12.621s;
../lower_bound/data_hard/13-07-0.00-3.dat;116005.19929578195;user 0m11.965s;
../lower_bound/data_hard/13-07-0.00-4.dat;112203.08466498459;user 0m11.585s;
../lower_bound/data_hard/13-07-0.00-5.dat;111818.17789025413;user 0m12.117s;
../lower_bound/data_hard/13-07-0.00-6.dat;112770.5526833855;user 0m9.733s;
../lower_bound/data_hard/13-07-0.00-7.dat;115461.529487954;user 0m12.157s;
../lower_bound/data_hard/13-07-0.00-8.dat;108499.15916256173;user 0m10.521s;
../lower_bound/data_hard/13-07-0.00-9.dat;117174.60936469818;user 0m11.769s;
../lower_bound/data_hard/13-08-0.00-10.dat;113464.09901938644;user 0m12.629s;
../lower_bound/data_hard/13-08-0.00-1.dat;119566.97065795037;user 0m12.733s;
../lower_bound/data_hard/13-08-0.00-2.dat;112972.72206498918;user 0m12.841s;
../lower_bound/data_hard/13-08-0.00-3.dat;102835.24432425373;user 0m12.801s;
../lower_bound/data_hard/13-08-0.00-4.dat;112239.60110941152;user 0m11.497s;
../lower_bound/data_hard/13-08-0.00-5.dat;112612.74620654095;user 0m13.013s;
../lower_bound/data_hard/13-08-0.00-6.dat;115062.65544597692;user 0m13.413s;
../lower_bound/data_hard/13-08-0.00-7.dat;110421.0456178859;user 0m12.845s;
../lower_bound/data_hard/13-08-0.00-8.dat;114259.16848432177;user 0m12.869s;
../lower_bound/data_hard/13-08-0.00-9.dat;117505.90671641011;user 0m12.597s;
../lower_bound/data_hard/13-09-0.00-10.dat;117658.1928549657;user 0m14.445s;
../lower_bound/data_hard/13-09-0.00-1.dat;113632.39583905428;user 0m14.173s;
../lower_bound/data_hard/13-09-0.00-2.dat;108040.24266671677;user 0m14.129s;
../lower_bound/data_hard/13-09-0.00-3.dat;120049.26912522712;user 0m14.241s;
../lower_bound/data_hard/13-09-0.00-4.dat;109435.02698921518;user 0m14.209s;
../lower_bound/data_hard/13-09-0.00-5.dat;111420.15102461798;user 0m14.181s;
../lower_bound/data_hard/13-09-0.00-6.dat;109742.21232957281;user 0m14.037s;
../lower_bound/data_hard/13-09-0.00-7.dat;110440.63732680242;user 0m13.713s;
../lower_bound/data_hard/13-09-0.00-8.dat;117328.39763646536;user 0m12.565s;
../lower_bound/data_hard/13-09-0.00-9.dat;115236.84795110216;user 0m13.997s;
../lower_bound/data_hard/13-10-0.00-10.dat;115827.99063556052;user 0m15.397s;
../lower_bound/data_hard/13-10-0.00-1.dat;115580.02219339958;user 0m15.189s;
../lower_bound/data_hard/13-10-0.00-2.dat;111925.68894356782;user 0m15.417s;
../lower_bound/data_hard/13-10-0.00-3.dat;115840.5340984034;user 0m15.361s;
../lower_bound/data_hard/13-10-0.00-4.dat;117525.83783758318;user 0m15.477s;
../lower_bound/data_hard/13-10-0.00-5.dat;114666.47263959941;user 0m15.409s;
../lower_bound/data_hard/13-10-0.00-6.dat;112559.20568173839;user 0m15.685s;
../lower_bound/data_hard/13-10-0.00-7.dat;113413.9896549804;user 0m14.821s;
../lower_bound/data_hard/13-10-0.00-8.dat;112598.75433648386;user 0m15.605s;
../lower_bound/data_hard/13-10-0.00-9.dat;114090.59897299952;user 0m15.401s;
../lower_bound/data_hard/13-11-0.00-10.dat;116285.16822115688;user 0m16.205s;
../lower_bound/data_hard/13-11-0.00-1.dat;108309.58316247477;user 0m16.257s;
../lower_bound/data_hard/13-11-0.00-2.dat;114525.40607794205;user 0m16.257s;
../lower_bound/data_hard/13-11-0.00-3.dat;120304.08180339109;user 0m16.537s;
../lower_bound/data_hard/13-11-0.00-4.dat;113088.79563040526;user 0m16.325s;
../lower_bound/data_hard/13-11-0.00-5.dat;111679.17238558513;user 0m17.377s;
../lower_bound/data_hard/13-11-0.00-6.dat;111620.9963048341;user 0m14.249s;
../lower_bound/data_hard/13-11-0.00-7.dat;116327.65707259164;user 0m16.681s;
../lower_bound/data_hard/13-11-0.00-8.dat;118885.93191197087;user 0m16.093s;
../lower_bound/data_hard/13-11-0.00-9.dat;118799.23095551792;user 0m16.993s;
../lower_bound/data_hard/13-12-0.00-10.dat;114720.92780235471;user 0m18.017s;
../lower_bound/data_hard/13-12-0.00-1.dat;119347.63537240755;user 0m17.673s;
../lower_bound/data_hard/13-12-0.00-2.dat;115809.38930853344;user 0m17.393s;
../lower_bound/data_hard/13-12-0.00-3.dat;112571.52306992847;user 0m17.745s;
../lower_bound/data_hard/13-12-0.00-4.dat;116309.23111919325;user 0m17.437s;
../lower_bound/data_hard/13-12-0.00-5.dat;115668.91533884405;user 0m17.569s;
../lower_bound/data_hard/13-12-0.00-6.dat;113791.68769341297;user 0m17.573s;
../lower_bound/data_hard/13-12-0.00-7.dat;113415.46359131103;user 0m17.993s;
../lower_bound/data_hard/13-12-0.00-8.dat;109295.77965282789;user 0m17.837s;
../lower_bound/data_hard/13-12-0.00-9.dat;114498.55728066746;user 0m15.701s;
../lower_bound/data_hard/13-13-0.00-10.dat;117576.45167531428;user 0m19.237s;
../lower_bound/data_hard/13-13-0.00-1.dat;115475.37044057512;user 0m19.153s;
../lower_bound/data_hard/13-13-0.00-2.dat;112824.17297745518;user 0m19.029s;
../lower_bound/data_hard/13-13-0.00-3.dat;114011.95638920518;user 0m19.157s;
../lower_bound/data_hard/13-13-0.00-4.dat;115868.41806368707;user 0m18.793s;
../lower_bound/data_hard/13-13-0.00-5.dat;118964.05564178238;user 0m18.977s;
../lower_bound/data_hard/13-13-0.00-6.dat;117653.6832363562;user 0m19.397s;
../lower_bound/data_hard/13-13-0.00-7.dat;116796.4459568386;user 0m18.853s;
../lower_bound/data_hard/13-13-0.00-8.dat;116992.72533332463;user 0m18.873s;
../lower_bound/data_hard/13-13-0.00-9.dat;119820.3219933096;user 0m19.525s;
../lower_bound/data_hard/13-14-0.00-10.dat;113410.69269803878;user 0m19.845s;
../lower_bound/data_hard/13-14-0.00-1.dat;119714.69510102623;user 0m17.333s;
../lower_bound/data_hard/13-14-0.00-2.dat;113805.2317825232;user 0m20.085s;
../lower_bound/data_hard/13-14-0.00-3.dat;113201.6783022534;user 0m20.117s;
../lower_bound/data_hard/13-14-0.00-4.dat;116474.96178101595;user 0m20.233s;
../lower_bound/data_hard/13-14-0.00-5.dat;113482.62975718413;user 0m20.113s;
../lower_bound/data_hard/13-14-0.00-6.dat;112982.1163868993;user 0m20.053s;
../lower_bound/data_hard/13-14-0.00-7.dat;111612.38135684241;user 0m17.689s;
../lower_bound/data_hard/13-14-0.00-8.dat;113799.46894754135;user 0m19.993s;
../lower_bound/data_hard/13-14-0.00-9.dat;114662.65550648482;user 0m19.577s;
../lower_bound/data_hard/13-15-0.00-10.dat;109087.27206415203;user 0m21.541s;
../lower_bound/data_hard/13-15-0.00-1.dat;117051.4808087448;user 0m21.189s;
../lower_bound/data_hard/13-15-0.00-2.dat;112391.58682733844;user 0m21.273s;
../lower_bound/data_hard/13-15-0.00-3.dat;121117.72628756527;user 0m21.121s;
../lower_bound/data_hard/13-15-0.00-4.dat;120960.60825275611;user 0m21.169s;
../lower_bound/data_hard/13-15-0.00-5.dat;116580.60389566376;user 0m21.273s;
../lower_bound/data_hard/13-15-0.00-6.dat;116572.84690270454;user 0m20.633s;
../lower_bound/data_hard/13-15-0.00-7.dat;109933.73000625405;user 0m21.773s;
../lower_bound/data_hard/13-15-0.00-8.dat;115575.0519759532;user 0m21.333s;
../lower_bound/data_hard/13-15-0.00-9.dat;115475.6969994904;user 0m21.333s;
../lower_bound/data_hard/14-05-0.00-10.dat;107328.39329987788;user 0m11.913s;
../lower_bound/data_hard/14-05-0.00-1.dat;99640.72414579571;user 0m9.589s;
../lower_bound/data_hard/14-05-0.00-2.dat;94158.41090650312;user 0m11.889s;
../lower_bound/data_hard/14-05-0.00-3.dat;101212.5714364414;user 0m12.149s;
../lower_bound/data_hard/14-05-0.00-4.dat;102304.40769421862;user 0m12.085s;
../lower_bound/data_hard/14-05-0.00-5.dat;102853.93308567113;user 0m11.465s;
../lower_bound/data_hard/14-05-0.00-6.dat;104303.27485977775;user 0m11.873s;
../lower_bound/data_hard/14-05-0.00-7.dat;105099.26300190641;user 0m12.005s;
../lower_bound/data_hard/14-05-0.00-8.dat;104373.18693344739;user 0m11.837s;
../lower_bound/data_hard/14-05-0.00-9.dat;101104.23250437695;user 0m12.377s;
../lower_bound/data_hard/14-06-0.00-10.dat;105834.23472031982;user 0m12.521s;
../lower_bound/data_hard/14-06-0.00-1.dat;102944.28285033494;user 0m12.941s;
../lower_bound/data_hard/14-06-0.00-2.dat;109067.17137506395;user 0m12.749s;
../lower_bound/data_hard/14-06-0.00-3.dat;104045.10592797957;user 0m9.973s;
../lower_bound/data_hard/14-06-0.00-4.dat;108962.18748771743;user 0m12.477s;
../lower_bound/data_hard/14-06-0.00-5.dat;106243.12765921817;user 0m12.413s;
../lower_bound/data_hard/14-06-0.00-6.dat;102829.2185612712;user 0m12.805s;
../lower_bound/data_hard/14-06-0.00-7.dat;106534.87322681147;user 0m12.409s;
../lower_bound/data_hard/14-06-0.00-8.dat;112067.70967355739;user 0m12.665s;
../lower_bound/data_hard/14-06-0.00-9.dat;107637.58571333518;user 0m12.561s;
../lower_bound/data_hard/14-07-0.00-10.dat;108956.81325049938;user 0m13.509s;
../lower_bound/data_hard/14-07-0.00-1.dat;108213.35991511145;user 0m13.553s;
../lower_bound/data_hard/14-07-0.00-2.dat;117762.78094558459;user 0m12.777s;
../lower_bound/data_hard/14-07-0.00-3.dat;112136.81915776807;user 0m13.105s;
../lower_bound/data_hard/14-07-0.00-4.dat;109398.53175629686;user 0m12.777s;
../lower_bound/data_hard/14-07-0.00-5.dat;106753.51711928514;user 0m13.085s;
../lower_bound/data_hard/14-07-0.00-6.dat;109899.9831696793;user 0m12.973s;
../lower_bound/data_hard/14-07-0.00-7.dat;118622.30076689844;user 0m13.081s;
../lower_bound/data_hard/14-07-0.00-8.dat;111853.60895800566;user 0m12.981s;
../lower_bound/data_hard/14-07-0.00-9.dat;108781.7752180947;user 0m13.277s;
../lower_bound/data_hard/14-08-0.00-10.dat;108190.35508335318;user 0m14.001s;
../lower_bound/data_hard/14-08-0.00-1.dat;119144.48886616866;user 0m14.181s;
../lower_bound/data_hard/14-08-0.00-2.dat;110893.81346697369;user 0m11.805s;
../lower_bound/data_hard/14-08-0.00-3.dat;111091.62601407577;user 0m11.665s;
../lower_bound/data_hard/14-08-0.00-4.dat;114071.97005775724;user 0m14.225s;
../lower_bound/data_hard/14-08-0.00-5.dat;117895.6959851633;user 0m14.585s;
../lower_bound/data_hard/14-08-0.00-6.dat;111422.39020908116;user 0m14.125s;
../lower_bound/data_hard/14-08-0.00-7.dat;107849.92552924964;user 0m14.421s;
../lower_bound/data_hard/14-08-0.00-8.dat;115603.91246653839;user 0m14.013s;
../lower_bound/data_hard/14-08-0.00-9.dat;120625.24870033046;user 0m14.001s;
../lower_bound/data_hard/14-09-0.00-10.dat;114784.02400483866;user 0m15.549s;
../lower_bound/data_hard/14-09-0.00-1.dat;111086.6895587551;user 0m15.781s;
../lower_bound/data_hard/14-09-0.00-2.dat;108612.72718439598;user 0m16.277s;
../lower_bound/data_hard/14-09-0.00-3.dat;116792.47453328164;user 0m15.093s;
../lower_bound/data_hard/14-09-0.00-4.dat;114315.27284502976;user 0m13.245s;
../lower_bound/data_hard/14-09-0.00-5.dat;112145.92283716108;user 0m15.205s;
../lower_bound/data_hard/14-09-0.00-6.dat;108166.13404190357;user 0m15.957s;
../lower_bound/data_hard/14-09-0.00-7.dat;115672.09846744592;user 0m13.525s;
../lower_bound/data_hard/14-09-0.00-8.dat;105072.13990988334;user 0m15.809s;
../lower_bound/data_hard/14-09-0.00-9.dat;114813.77855985182;user 0m15.757s;
../lower_bound/data_hard/14-10-0.00-10.dat;113446.68842438722;user 0m16.849s;
../lower_bound/data_hard/14-10-0.00-1.dat;110535.70649740953;user 0m16.821s;
../lower_bound/data_hard/14-10-0.00-2.dat;120491.1531390871;user 0m16.957s;
../lower_bound/data_hard/14-10-0.00-3.dat;113371.48213441807;user 0m16.925s;
../lower_bound/data_hard/14-10-0.00-4.dat;119781.39240347795;user 0m16.485s;
../lower_bound/data_hard/14-10-0.00-5.dat;115201.50984925867;user 0m17.349s;
../lower_bound/data_hard/14-10-0.00-6.dat;114073.71994694165;user 0m16.789s;
../lower_bound/data_hard/14-10-0.00-7.dat;112243.18273161443;user 0m17.353s;
../lower_bound/data_hard/14-10-0.00-8.dat;117763.97057571438;user 0m17.161s;
../lower_bound/data_hard/14-10-0.00-9.dat;116280.29746093714;user 0m17.073s;
../lower_bound/data_hard/14-11-0.00-10.dat;112279.05064718034;user 0m18.317s;
../lower_bound/data_hard/14-11-0.00-1.dat;116769.20784724505;user 0m17.937s;
../lower_bound/data_hard/14-11-0.00-2.dat;120878.91103067696;user 0m18.497s;
../lower_bound/data_hard/14-11-0.00-3.dat;115290.59591610896;user 0m18.633s;
../lower_bound/data_hard/14-11-0.00-4.dat;118563.03028563743;user 0m18.417s;
../lower_bound/data_hard/14-11-0.00-5.dat;109883.74559413879;user 0m17.985s;
../lower_bound/data_hard/14-11-0.00-6.dat;120882.32791342151;user 0m18.333s;
../lower_bound/data_hard/14-11-0.00-7.dat;115945.35041085759;user 0m18.077s;
../lower_bound/data_hard/14-11-0.00-8.dat;113277.37208992573;user 0m18.293s;
../lower_bound/data_hard/14-11-0.00-9.dat;114957.10245966469;user 0m18.317s;
../lower_bound/data_hard/14-12-0.00-10.dat;114591.43735540204;user 0m18.665s;
../lower_bound/data_hard/14-12-0.00-1.dat;113786.25412862847;user 0m19.525s;
../lower_bound/data_hard/14-12-0.00-2.dat;116384.03556273901;user 0m19.793s;
../lower_bound/data_hard/14-12-0.00-3.dat;112919.59752892607;user 0m19.189s;
../lower_bound/data_hard/14-12-0.00-4.dat;116842.07910057374;user 0m19.345s;
../lower_bound/data_hard/14-12-0.00-5.dat;113436.64295702262;user 0m19.437s;
../lower_bound/data_hard/14-12-0.00-6.dat;121888.63536747066;user 0m19.597s;
../lower_bound/data_hard/14-12-0.00-7.dat;111378.81239364628;user 0m19.397s;
../lower_bound/data_hard/14-12-0.00-8.dat;111551.67039502128;user 0m19.937s;
../lower_bound/data_hard/14-12-0.00-9.dat;117361.58900067887;user 0m19.681s;
../lower_bound/data_hard/14-13-0.00-10.dat;116524.6914435466;user 0m20.565s;
../lower_bound/data_hard/14-13-0.00-1.dat;116237.25959914218;user 0m20.993s;
../lower_bound/data_hard/14-13-0.00-2.dat;111479.73178333149;user 0m21.577s;
../lower_bound/data_hard/14-13-0.00-3.dat;113005.65604782155;user 0m18.469s;
../lower_bound/data_hard/14-13-0.00-4.dat;110874.40070276601;user 0m20.197s;
../lower_bound/data_hard/14-13-0.00-5.dat;114540.07006740011;user 0m20.997s;
../lower_bound/data_hard/14-13-0.00-6.dat;113776.64435465256;user 0m21.093s;
../lower_bound/data_hard/14-13-0.00-7.dat;116909.06383249351;user 0m18.497s;
../lower_bound/data_hard/14-13-0.00-8.dat;115028.68575222307;user 0m21.153s;
../lower_bound/data_hard/14-13-0.00-9.dat;117384.29318494325;user 0m20.825s;
../lower_bound/data_hard/14-14-0.00-10.dat;118858.24406768833;user 0m22.165s;
../lower_bound/data_hard/14-14-0.00-1.dat;114569.19943209826;user 0m21.885s;
../lower_bound/data_hard/14-14-0.00-2.dat;118523.37154170769;user 0m22.237s;
../lower_bound/data_hard/14-14-0.00-3.dat;116771.30415491681;user 0m22.373s;
../lower_bound/data_hard/14-14-0.00-4.dat;117274.20640776979;user 0m22.409s;
../lower_bound/data_hard/14-14-0.00-5.dat;112109.51698468106;user 0m19.985s;
../lower_bound/data_hard/14-14-0.00-6.dat;117149.66599232978;user 0m22.201s;
../lower_bound/data_hard/14-14-0.00-7.dat;114296.2364679415;user 0m19.533s;
../lower_bound/data_hard/14-14-0.00-8.dat;121241.67324185268;user 0m22.125s;
../lower_bound/data_hard/14-14-0.00-9.dat;109092.12287159347;user 0m22.409s;
../lower_bound/data_hard/14-15-0.00-10.dat;113727.62009613248;user 0m24.198s;
../lower_bound/data_hard/14-15-0.00-1.dat;116090.57933159094;user 0m23.505s;
../lower_bound/data_hard/14-15-0.00-2.dat;114943.47171422097;user 0m23.301s;
../lower_bound/data_hard/14-15-0.00-3.dat;115160.84395650812;user 0m25.634s;
../lower_bound/data_hard/14-15-0.00-4.dat;113543.57654127076;user 0m23.441s;
../lower_bound/data_hard/14-15-0.00-5.dat;110477.3278249721;user 0m23.297s;
../lower_bound/data_hard/14-15-0.00-6.dat;112748.53283230087;user 0m23.449s;
../lower_bound/data_hard/14-15-0.00-7.dat;116551.55975380601;user 0m23.865s;
../lower_bound/data_hard/14-15-0.00-8.dat;112883.9912553467;user 0m23.989s;
../lower_bound/data_hard/14-15-0.00-9.dat;120050.12325492137;user 0m23.873s;
../lower_bound/data_hard/15-05-0.00-10.dat;103325.9432700459;user 0m13.021s;
../lower_bound/data_hard/15-05-0.00-1.dat;101684.16711560488;user 0m13.117s;
../lower_bound/data_hard/15-05-0.00-2.dat;94278.63926322795;user 0m13.197s;
../lower_bound/data_hard/15-05-0.00-3.dat;100297.3880382737;user 0m13.273s;
../lower_bound/data_hard/15-05-0.00-4.dat;94066.57353144592;user 0m13.289s;
../lower_bound/data_hard/15-05-0.00-5.dat;98566.46166604236;user 0m13.021s;
../lower_bound/data_hard/15-05-0.00-6.dat;108797.7203381938;user 0m13.453s;
../lower_bound/data_hard/15-05-0.00-7.dat;94503.7630507471;user 0m13.221s;
../lower_bound/data_hard/15-05-0.00-8.dat;100495.35157621565;user 0m13.209s;
../lower_bound/data_hard/15-05-0.00-9.dat;99815.42393246417;user 0m13.581s;
../lower_bound/data_hard/15-06-0.00-10.dat;107807.80393142873;user 0m14.033s;
../lower_bound/data_hard/15-06-0.00-1.dat;106747.41824675245;user 0m13.821s;
../lower_bound/data_hard/15-06-0.00-2.dat;100679.18984324705;user 0m14.381s;
../lower_bound/data_hard/15-06-0.00-3.dat;104847.64913171712;user 0m14.241s;
../lower_bound/data_hard/15-06-0.00-4.dat;104106.98109848534;user 0m14.221s;
../lower_bound/data_hard/15-06-0.00-5.dat;104154.56077976117;user 0m13.633s;
../lower_bound/data_hard/15-06-0.00-6.dat;110520.97236226726;user 0m14.289s;
../lower_bound/data_hard/15-06-0.00-7.dat;113457.5601628277;user 0m13.941s;
../lower_bound/data_hard/15-06-0.00-8.dat;108594.19791267689;user 0m14.417s;
../lower_bound/data_hard/15-06-0.00-9.dat;106323.78487089637;user 0m13.977s;
../lower_bound/data_hard/15-07-0.00-10.dat;103638.71909699497;user 0m14.733s;
../lower_bound/data_hard/15-07-0.00-1.dat;109016.30270016305;user 0m15.185s;
../lower_bound/data_hard/15-07-0.00-2.dat;111368.31188284284;user 0m14.973s;
../lower_bound/data_hard/15-07-0.00-3.dat;110635.76905994656;user 0m15.277s;
../lower_bound/data_hard/15-07-0.00-4.dat;104623.11111711647;user 0m14.597s;
../lower_bound/data_hard/15-07-0.00-5.dat;116263.97916988506;user 0m14.713s;
../lower_bound/data_hard/15-07-0.00-6.dat;112656.67961378192;user 0m12.825s;
../lower_bound/data_hard/15-07-0.00-7.dat;109448.35859814256;user 0m14.777s;
../lower_bound/data_hard/15-07-0.00-8.dat;107292.72901636772;user 0m14.741s;
../lower_bound/data_hard/15-07-0.00-9.dat;111245.75343098672;user 0m12.109s;
../lower_bound/data_hard/15-08-0.00-10.dat;116251.55135616814;user 0m16.149s;
../lower_bound/data_hard/15-08-0.00-1.dat;112037.70796236077;user 0m15.805s;
../lower_bound/data_hard/15-08-0.00-2.dat;109171.55388544135;user 0m15.317s;
../lower_bound/data_hard/15-08-0.00-3.dat;106913.77167986584;user 0m15.465s;
../lower_bound/data_hard/15-08-0.00-4.dat;116007.37041610853;user 0m15.797s;
../lower_bound/data_hard/15-08-0.00-5.dat;112802.5415716498;user 0m15.241s;
../lower_bound/data_hard/15-08-0.00-6.dat;108706.50710181928;user 0m15.573s;
../lower_bound/data_hard/15-08-0.00-7.dat;114595.72910144989;user 0m15.893s;
../lower_bound/data_hard/15-08-0.00-8.dat;114306.7769046355;user 0m14.977s;
../lower_bound/data_hard/15-08-0.00-9.dat;113228.5105856522;user 0m16.153s;
../lower_bound/data_hard/15-09-0.00-10.dat;107773.3290068345;user 0m17.141s;
../lower_bound/data_hard/15-09-0.00-1.dat;107382.80336489431;user 0m17.625s;
../lower_bound/data_hard/15-09-0.00-2.dat;119231.45253509117;user 0m15.049s;
../lower_bound/data_hard/15-09-0.00-3.dat;109815.63901607101;user 0m14.033s;
../lower_bound/data_hard/15-09-0.00-4.dat;115927.83242195725;user 0m17.085s;
../lower_bound/data_hard/15-09-0.00-5.dat;116789.84799397524;user 0m18.109s;
../lower_bound/data_hard/15-09-0.00-6.dat;111217.63003664115;user 0m17.245s;
../lower_bound/data_hard/15-09-0.00-7.dat;117831.41409554963;user 0m17.197s;
../lower_bound/data_hard/15-09-0.00-8.dat;116628.85924012358;user 0m17.281s;
../lower_bound/data_hard/15-09-0.00-9.dat;110723.38533904175;user 0m17.241s;
../lower_bound/data_hard/15-10-0.00-10.dat;110279.37825961174;user 0m19.225s;
../lower_bound/data_hard/15-10-0.00-1.dat;;user 0m5.724s;
../lower_bound/data_hard/15-10-0.00-2.dat;109315.56485838689;user 0m18.217s;
../lower_bound/data_hard/15-10-0.00-3.dat;109846.05844292406;user 0m18.413s;
../lower_bound/data_hard/15-10-0.00-4.dat;111825.52989135875;user 0m18.177s;
../lower_bound/data_hard/15-10-0.00-5.dat;113049.97313812458;user 0m18.681s;
../lower_bound/data_hard/15-10-0.00-6.dat;114797.99430909975;user 0m18.685s;
../lower_bound/data_hard/15-10-0.00-7.dat;117964.51167020472;user 0m18.557s;
../lower_bound/data_hard/15-10-0.00-8.dat;112623.2675385381;user 0m18.289s;
../lower_bound/data_hard/15-10-0.00-9.dat;104613.88375537118;user 0m18.345s;
../lower_bound/data_hard/15-11-0.00-10.dat;115873.56862286235;user 0m19.909s;
../lower_bound/data_hard/15-11-0.00-1.dat;119186.04048922462;user 0m20.253s;
../lower_bound/data_hard/15-11-0.00-2.dat;118783.35803738772;user 0m20.765s;
../lower_bound/data_hard/15-11-0.00-3.dat;116140.08572728232;user 0m20.277s;
../lower_bound/data_hard/15-11-0.00-4.dat;114255.91237170005;user 0m20.117s;
../lower_bound/data_hard/15-11-0.00-5.dat;112031.98033729239;user 0m19.813s;
../lower_bound/data_hard/15-11-0.00-6.dat;110956.86884596267;user 0m19.929s;
../lower_bound/data_hard/15-11-0.00-7.dat;119258.76766039265;user 0m20.165s;
../lower_bound/data_hard/15-11-0.00-8.dat;119443.94421376692;user 0m17.517s;
../lower_bound/data_hard/15-11-0.00-9.dat;114664.11049485746;user 0m19.697s;
../lower_bound/data_hard/15-12-0.00-10.dat;108468.72955119099;user 0m21.581s;
../lower_bound/data_hard/15-12-0.00-1.dat;118336.79926589916;user 0m22.201s;
../lower_bound/data_hard/15-12-0.00-2.dat;121570.87918966672;user 0m21.349s;
../lower_bound/data_hard/15-12-0.00-3.dat;118822.63954307478;user 0m22.093s;
../lower_bound/data_hard/15-12-0.00-4.dat;111315.58133192493;user 0m22.161s;
../lower_bound/data_hard/15-12-0.00-5.dat;116073.43907037874;user 0m21.433s;
../lower_bound/data_hard/15-12-0.00-6.dat;113196.9915509865;user 0m21.881s;
../lower_bound/data_hard/15-12-0.00-7.dat;118944.41387619847;user 0m21.533s;
../lower_bound/data_hard/15-12-0.00-8.dat;115917.02103683718;user 0m19.005s;
../lower_bound/data_hard/15-12-0.00-9.dat;111868.07134257222;user 0m22.337s;
../lower_bound/data_hard/15-13-0.00-10.dat;116197.97822639377;user 0m22.713s;
../lower_bound/data_hard/15-13-0.00-1.dat;118356.77635550435;user 0m23.277s;
../lower_bound/data_hard/15-13-0.00-2.dat;123086.46514191551;user 0m23.033s;
../lower_bound/data_hard/15-13-0.00-3.dat;115987.20331454315;user 0m22.845s;
../lower_bound/data_hard/15-13-0.00-4.dat;123082.22723470899;user 0m23.213s;
../lower_bound/data_hard/15-13-0.00-5.dat;113174.94081077185;user 0m22.645s;
../lower_bound/data_hard/15-13-0.00-6.dat;115925.25475741434;user 0m24.142s;
../lower_bound/data_hard/15-13-0.00-7.dat;118210.91487802006;user 0m22.641s;
../lower_bound/data_hard/15-13-0.00-8.dat;109001.23218575833;user 0m23.205s;
../lower_bound/data_hard/15-13-0.00-9.dat;117477.58975064366;user 0m23.253s;
../lower_bound/data_hard/15-14-0.00-10.dat;113814.52831549817;user 0m24.262s;
../lower_bound/data_hard/15-14-0.00-1.dat;115444.5831381698;user 0m24.354s;
../lower_bound/data_hard/15-14-0.00-2.dat;117385.30496425995;user 0m23.833s;
../lower_bound/data_hard/15-14-0.00-3.dat;116580.98903865149;user 0m24.030s;
../lower_bound/data_hard/15-14-0.00-4.dat;119007.48687240682;user 0m20.925s;
../lower_bound/data_hard/15-14-0.00-5.dat;112647.12410152043;user 0m24.194s;
../lower_bound/data_hard/15-14-0.00-6.dat;115873.92375394377;user 0m21.033s;
../lower_bound/data_hard/15-14-0.00-7.dat;112341.75943740341;user 0m24.434s;
../lower_bound/data_hard/15-14-0.00-8.dat;123471.89355905226;user 0m24.126s;
../lower_bound/data_hard/15-14-0.00-9.dat;115020.10866253808;user 0m24.546s;
../lower_bound/data_hard/15-15-0.00-10.dat;110988.95461025239;user 0m25.486s;
../lower_bound/data_hard/15-15-0.00-1.dat;118136.84759117845;user 0m25.498s;
../lower_bound/data_hard/15-15-0.00-2.dat;118690.80857226485;user 0m25.598s;
../lower_bound/data_hard/15-15-0.00-3.dat;116677.87758853317;user 0m25.354s;
../lower_bound/data_hard/15-15-0.00-4.dat;116397.79734629871;user 0m25.818s;
../lower_bound/data_hard/15-15-0.00-5.dat;118440.77243395025;user 0m26.558s;
../lower_bound/data_hard/15-15-0.00-6.dat;117486.59959981994;user 0m25.662s;
../lower_bound/data_hard/15-15-0.00-7.dat;113760.50871288219;user 0m25.570s;
../lower_bound/data_hard/15-15-0.00-8.dat;118003.1528667278;user 0m25.642s;
../lower_bound/data_hard/15-15-0.00-9.dat;121256.18501249995;user 0m25.714s;
